ID,Role Title,Job URL,Location,Salary Range,Tech Stack,Employment Type,Company Name,Company URL,Company LinkedIn,Created At
13814022,DevSecOps Engineer,https://recruiting.paylocity.com/Recruiting/Jobs/Details/2874795,United States,Not Specified,"Amazon Redshift, Ansible, Apache, AWS, Cloud, Cyber Security, DynamoDB, JavaScript, Jenkins, Puppet, Terraform",full-time,"NexGen Data Systems, Inc.",http://www.ngds.com/,https://www.linkedin.com/company/nexgen-data-systems-inc.,2024-11-22T13:45:04.932+00:00
13813980,"Mid Level Software Developer - Microsoft.Net, C#, MVC, T-SQL",https://recruiting.paylocity.com/Recruiting/Jobs/Details/2764907,United States,$40 - $45,"Azure, Entity Framework, ERP, ITSM, JavaScript, React, SQL, Go, .NET",contract,"XTIVIA, Inc.",https://www.xtivia.com/company/about/careers/,https://www.linkedin.com/company/xtivia,2024-11-22T13:08:09.302+00:00
13813939,Senior Software Engineer,https://boards.greenhouse.io/pingidentity/jobs/7734785002,United States,"$135,000 - $153,000","Angular, Cloud, Cyber Security, Docker, Flux, JavaScript, Kubernetes, Node.js, React, Svelte, TypeScript, Vue.js, Go",full-time,Content Conspiracy,http://www.contentconspiracy.com/,https://www.linkedin.com/company/contentconspiracy,2024-11-22T12:40:13.249+00:00
13813933,Core Tech Engineer - C++,https://boards.greenhouse.io/jahnelgroup/jobs/4588470007,United States,Not Specified,,full-time,"Jahnel Group, an Inc. 5000 company",https://insights.jahnelgroup.com/press,https://www.linkedin.com/company/jahnelgroup,2024-11-22T12:34:07.751+00:00
13813853,Senior Developer - Power Platforms,https://boards.greenhouse.io/m9solutions/jobs/4588056007,United States,"$60,000 - $180,000","Cloud, Cyber Security, WordPress, Go",full-time,M9 Solutions,http://www.m9solutions.com/,https://www.linkedin.com/company/m9-solutions,2024-11-22T11:36:53.897+00:00
13813829,Senior Software Engineer,https://boards.greenhouse.io/thinkonward/jobs/5382205004,United States,Not Specified,"AWS, Django, Docker, DynamoDB, Flask, Kubernetes, Node.js, Postgres, Python, Terraform, TypeScript",full-time,Onward,https://thinkonward.com/,https://www.linkedin.com/company/thinkonward,2024-11-22T11:26:24.893+00:00
13813812,Senior Backend Engineer,https://apply.workable.com/uprecruit-1/j/0EA973BB6E,United States,"$200,000 - $300,000","Distributed Systems, Open Source, Splunk",full-time,UpRecruit,http://uprecruit.com/,https://www.linkedin.com/company/uprecruitphx/,2024-11-22T11:21:17.416+00:00
13813808,Full-Stack Engineer,https://boards.greenhouse.io/vividly/jobs/5383341004,United States,Not Specified,"Apollo, AWS, Azure, Cloud, Docker, Google Cloud Platform, GraphQL, JavaScript, Pandas, Python, React, Redux, SQL",full-time,Vividly,https://portal.govividly.com/,https://www.linkedin.com/company/govividly,2024-11-22T11:20:29.134+00:00
13813713,Web Developer,https://apply.workable.com/torklaw/j/00C5A5C6E5,United States,Not Specified,"JavaScript, MongoDB, MySQL, Node.js, Postgres, Python, React",full-time,TorkLaw,http://www.torklaw.com/,https://www.linkedin.com/company/the-torkzadeh-law-firm,2024-11-22T10:21:24.902+00:00
13813695,Senior Staff Software Engineer - Product (Full Stack),https://boards.greenhouse.io/trmlabs/jobs/5383371004,United States,"$200,000 - $230,000","JavaScript, Node.js, Postgres",full-time,TRM Labs,http://trmlabs.com/,https://www.linkedin.com/company/trmlabs,2024-11-22T10:08:57.832+00:00
13455834,Director of Engineering,https://boards.greenhouse.io/benevity/jobs/5333934004,United States,Not Specified,"Cloud, Microservices, SDLC",full-time,Benevity,http://www.benevity.com/,https://www.linkedin.com/company/benevity,2024-11-22T10:03:25.232+00:00
7153612,Lead Engineer - Data Platform,https://boards.greenhouse.io/scope3pbc/jobs/4381164006,United States,Not Specified,"Airflow, Amazon Redshift, Apache, AWS, Cloud, Google Cloud Platform, GraphQL, JavaScript, Next.js, Node.js, Postgres, Python, React, SQL, TypeScript, Go",full-time,Scope3,http://www.scope3.com/,https://www.linkedin.com/company/scope3data,2024-11-22T09:56:53.018+00:00
13813600,AI Software Engineer,https://boards.greenhouse.io/webai/jobs/4567371007,United States,Not Specified,"Distributed Systems, Python, PyTorch",full-time,webAI™,http://webai.com/,https://www.linkedin.com/company/webai-official,2024-11-22T09:25:40.016+00:00
13813588,Software Developer - Level 2,https://apply.workable.com/riversidetechnology/j/3E3CDB0235,United States,Not Specified,"Java, Oracle, Python",contract,"Riverside Technology, inc.",http://www.riverside.com/,https://www.linkedin.com/company/riverside-technology-inc.,2024-11-22T09:14:32.306+00:00
13813550,Senior Moodle Developer,https://apply.workable.com/moodle/j/8E5F9A0936,United States,"$125,000 - $150,000","Ansible, AWS, Azure, Bootstrap, Cloud, Docker, JavaScript, Laravel, Open Source, PHP, React, SQL, Go",full-time,Moodle,https://moodle.com/,https://www.linkedin.com/company/moodle,2024-11-22T09:05:19.373+00:00
13813490,Full Stack WordPress Developer,https://apply.workable.com/lonerockpoint/j/769458692C,United States,Not Specified,"JavaScript, jQuery, MySQL, PHP, React, SDLC, SOAP, WordPress",full-time,Lone Rock Point,https://lonerockpoint.com/,https://www.linkedin.com/company/lone-rock-point,2024-11-22T09:00:09.718+00:00
13813494,Part-Time Freelance FullStack WordPress Developer,https://apply.workable.com/lonerockpoint/j/524F87C0F9,United States,Not Specified,"PHP, WordPress",part-time,Lone Rock Point,https://lonerockpoint.com/,https://www.linkedin.com/company/lone-rock-point,2024-11-22T09:00:09.718+00:00
13813433,Staff Software Engineer,https://boards.greenhouse.io/hubspotjobs/jobs/5393482,United States,"$218,900 - $328,400","Grafana, Java, Kafka, Prometheus",full-time,HubSpot,https://help.hubspot.com/?_ga=2.23678194.978470726.1592315215-1192486389.1556035228,https://www.linkedin.com/company/hubspot,2024-11-22T08:38:50.617+00:00
13813307,Senior Software Engineer,https://boards.greenhouse.io/kiavi/jobs/6422085,United States,"$134,700 - $224,500","GraphQL, JavaScript, Kafka, Kotlin, Node.js, Postgres, React, Redis, Ruby, Ruby on Rails, TypeScript",full-time,Kiavi,http://www.kiavi.com/,https://www.linkedin.com/company/kiavi,2024-11-22T07:53:49.28+00:00
13813306,Onsite Marketing Developer - Onsite Optimization,https://ancestry.wd5.myworkdayjobs.com/careers/job/Remote/Onsite-Marketing-Developer--Onsite-Optimization_R002944,United States,"$85,680 - $97,920","AEM, Cloud, JavaScript, Node.js, React",full-time,Ancestry,https://careers.ancestry.com/,https://www.linkedin.com/company/ancestry.com,2024-11-22T07:53:34.855+00:00
13813305,Staff Software Engineer,https://navexglobal.wd5.myworkdayjobs.com/navex/job/Remote---Pacific-NW/Staff-Software-Engineer_R5357,United States,"$110,000","Angular, ASP.NET, AWS, SQL, .NET",full-time,NAVEX,http://www.navexglobal.com/,https://www.linkedin.com/company/navexinc,2024-11-22T07:52:58.88+00:00
13813301,Full Stack Developer,https://apply.workable.com/twine/j/234DB5B0A0,United States,Not Specified,"JavaScript, NoSQL, SQL, TypeScript",contract,Twine,https://www.twine.net/,https://www.linkedin.com/company/twine.is/,2024-11-22T07:52:56.447+00:00
13813304,"Staff Software Engineer, Data",https://navexglobal.wd5.myworkdayjobs.com/navex/job/Remote---Pacific-NW/Staff-Software-Engineer--Data_R5437-1,United States,"$110,000","ETL, MS SQL Server, NoSQL, Postgres, SQL",full-time,NAVEX,http://www.navexglobal.com/,https://www.linkedin.com/company/navexinc,2024-11-22T07:52:43.373+00:00
13813291,Senior Director of Engineering,https://boards.greenhouse.io/greynoiseintelligence/jobs/4500470005,United States,Not Specified,"AWS, Cloud, Cyber Security, ElasticSearch, Kubernetes, NoSQL, Terraform, Go",full-time,GreyNoise Intelligence,https://greynoise.io/,https://www.linkedin.com/company/greynoise,2024-11-22T07:48:04.78+00:00
13813255,Senior Engineer - SAP Pricing,https://cardinalhealth.wd1.myworkdayjobs.com/ext/job/OH-Ohio-Work-from-Home/Senior-Engineer-SAP-Pricing_20151325,United States,"$121,600 - $173,700",,full-time,Cardinal Health,http://cardinalhealth.com/,https://www.linkedin.com/company/cardinal-health,2024-11-22T07:27:39.748+00:00
13787706,Software Developer,https://fullsteam.wd1.myworkdayjobs.com/external/job/US-FL-Remote/Software-Developer_JR101130,United States,Not Specified,"ASP.NET, JavaScript, React, Go, .NET",full-time,Fullsteam,https://www.fullsteam.com/,https://www.linkedin.com/company/fullsteam-llc,2024-11-22T07:21:54.973+00:00
13813193,Senior Software Engineer - Cloud Platform,https://boards.greenhouse.io/readysettechnologyinc/jobs/4588800007,United States,"$160,000 - $210,000","AWS, Azure, Cloud, Distributed Systems, MySQL, Postgres, Python, SQL, Go",full-time,CGI,https://cgi.com/,https://www.linkedin.com/company/cgi,2024-11-22T07:04:09.289+00:00
13813184,Senior Full Stack Software Engineer,https://boards.greenhouse.io/pineparkhealth/jobs/5361439004,United States,Not Specified,"Cloud, Google Cloud Platform, JavaScript, Next.js, Node.js, Postgres, React, React Native, Go",full-time,Pine Park Health,http://pineparkhealth.com/,https://www.linkedin.com/company/pineparkhealth,2024-11-22T06:59:02.234+00:00
13813126,Database Developer - MS SQL Server,https://jobs.smartrecruiters.com/psicro/744000027812598-database-developer-ms-sql-server-,United States,Not Specified,"ERP, MS SQL Server, SQL, Go",full-time,PSI CRO AG,https://www.psi-cro.com/,https://www.linkedin.com/company/psi-cro-ag,2024-11-22T06:34:48.282+00:00
13813099,Senior Software Engineer,https://arkatechture.pinpointhq.com/en/postings/e46480e5-2ddc-4c7a-9921-441d9d17abb8,United States,"$90,000 - $125,000","AWS, Docker, DynamoDB, JavaScript, Jenkins, Kubernetes, Microservices, MongoDB, NoSQL, Oracle, Postgres, Python, SDLC, Unix, Go",full-time,Arkatechture,https://www.arkatechture.com/,https://www.linkedin.com/company/2762473,2024-11-22T06:23:28.586+00:00
13813026,"Senior Front-end Developer - React.js, CSS Tailwind",https://boards.greenhouse.io/ilia/jobs/5383599004,United States,Not Specified,"JavaScript, Node.js, React, TypeScript, Go",full-time,ília,https://ilia.digital/,https://www.linkedin.com/company/ilia-digital,2024-11-22T05:52:10.466+00:00
13813020,Staff Software Engineer,https://jobs.smartrecruiters.com/nearmap/744000027960604-staff-software-engineer,United States,Not Specified,"JavaScript, Kubernetes, Microservices, Node.js, PostGIS, Postgres, RabbitMQ, React, SQL, TypeScript, Go, .NET",full-time,Nearmap,http://www.nearmap.com/,https://www.linkedin.com/company/nearmap-com/,2024-11-22T05:50:05.921+00:00
6973954,Backend Engineer,https://boards.greenhouse.io/pipetechnologies/jobs/5812301003,United States,Not Specified,"Cloud, ETL, Google Cloud Platform, JavaScript, Kubernetes, Next.js, Postgres, PySpark, React, TypeScript, Go",full-time,Pipe,https://pipe.com/,https://www.linkedin.com/company/pipetechnologies/about/,2024-11-22T05:49:08.026+00:00
13541323,Senior Front End Engineer,https://jobs.lever.co/nomihealth/d3f5d39a-c1c2-44cf-b3fd-4746d7df75a2,United States,Not Specified,"AWS, Cloud, Cypress, JavaScript, Jest, React, Redux, TypeScript, Webpack",full-time,Nomi Health,http://www.nomihealth.com/,https://www.linkedin.com/company/nomi-health/,2024-11-22T05:42:42.335+00:00
13813004,Azure Logic Apps Developer,https://jobs.smartrecruiters.com/coenterprisellc/744000027912701-azure-logic-apps-developer-us-based-100-remote,United States,Not Specified,"Azure, Cloud, JavaScript, Oracle, SQL, Go",full-time,CoEnterprise,http://www.coenterprise.com/,https://www.linkedin.com/company/coenterprise,2024-11-22T05:42:39.706+00:00
13813000,Substation Engineering Lead,https://vantage-point-solutions-inc.breezy.hr/p/f78829378e13-substation-engineering-lead,United States,Not Specified,,full-time,Vantage Point Solutions,https://www.vantagepnt.com/,https://www.linkedin.com/company/vantage-point-solutions,2024-11-22T05:39:08.647+00:00
13812954,BigCommerce Developer - Lead - Architect,https://jobs.smartrecruiters.com/mcfadyendigital/744000027987935-bigcommerce-developer-lead-architect-remote-,United States,Not Specified,"Cloud, ERP, Java, JavaScript, Node.js, PHP, Go",full-time,McFadyen Digital,http://www.mcfadyen.com/,https://www.linkedin.com/company/mcfadyendigital,2024-11-22T05:28:23.601+00:00
13812951,Senior Android Engineer,https://boards.greenhouse.io/airbnb/jobs/6158194,United States,"$185,000 - $223,000","Android, Java, Kotlin",full-time,Airbnb,http://airbnb.com/,https://www.linkedin.com/company/airbnb,2024-11-22T05:27:12.679+00:00
13812969,Threat Detection Engineering Intern,https://centene.wd5.myworkdayjobs.com/centene_external/job/Remote-MO/Threat-Detection-Engineering-Intern--Undergraduate---Summer-2025-_1542663,United States,$20 - $26,Cyber Security,internship,Centene Corporation,http://www.centene.com/,https://www.linkedin.com/company/centene-corporation,2024-11-22T05:25:50.659+00:00
13791121,Escalation Response Specialist - III,https://centene.wd5.myworkdayjobs.com/centene_external/job/Remote-MO/Escalation-Response-Specialist-III_1544718-1,United States,$20 - $33,,full-time,Centene Corporation,http://www.centene.com/,https://www.linkedin.com/company/centene-corporation,2024-11-22T05:25:23.735+00:00
13812925,Full Stack Developer,https://jobs.lever.co/inflowfed/bed7d4b9-d257-4e41-b7b8-81441fcaff38,United States,Not Specified,"Java, JavaScript, Kubernetes, Python, TypeScript",full-time,INflow Federal,http://www.inflowfed.com/,https://www.linkedin.com/company/inflow-llc/,2024-11-22T05:15:21.058+00:00
13812831,Lead Software Engineer - Ad Tech,https://dickssportinggoods.wd1.myworkdayjobs.com/dsg/job/Remote---US/Lead-Software-Engineer---Ad-Tech--REMOTE-_202409795,United States,"$95,200 - $158,800","AEM, Angular, Azure, Cloud, Java, Kubernetes, Spring, Spring Boot, SpringBoot, Go",full-time,DICK'S Sporting Goods,https://www.dickssportinggoods.jobs/,https://www.linkedin.com/company/dick's-sporting-goods/,2024-11-22T04:33:53.684+00:00
13812829,Lead Software Engineer - Warehouse Management Systems,https://dickssportinggoods.wd1.myworkdayjobs.com/dsg/job/Remote---US/Lead-Software-Engineer--Warehouse-Management-Systems--REMOTE-_202418432,United States,"$95,200 - $158,800","Angular, Ansible, Azure, Cloud, Docker, Hadoop, Java, JavaScript, jQuery, Kafka, Kotlin, Microservices, React, React Native, SQL, Unix, Go",full-time,DICK'S Sporting Goods,https://www.dickssportinggoods.jobs/,https://www.linkedin.com/company/dick's-sporting-goods/,2024-11-22T04:33:24.998+00:00
10416676,Software Engineer II - Full Stack,https://boards.greenhouse.io/smartsheet/jobs/6186821,United States,"$120,000 - $157,500","AWS, Cloud, Distributed Systems, Java, JavaScript, React, Ruby, Ruby on Rails, Terraform, TypeScript",full-time,Smartsheet,http://www.smartsheet.com/,https://www.linkedin.com/company/smartsheet-com,2024-11-22T04:20:50.393+00:00
13812780,Head of Development - Software Architect,https://fyst.applytojob.com/apply/6k3wemcmtB/Head-Of-Development-Software-Architect,United States,Not Specified,"AWS, Cloud, NoSQL, SQL, Go",full-time,FYST,https://fyst.com/,https://www.linkedin.com/company/we-are-fyst,2024-11-22T04:18:10.366+00:00
13812781,Head of Development - Software Architect,https://fyst.applytojob.com/apply/IzfT9dsIIR/Head-Of-Development-Software-Architect,Worldwide,Not Specified,"AWS, Cloud, NoSQL, SQL, Go",full-time,FYST,https://fyst.com/,https://www.linkedin.com/company/we-are-fyst,2024-11-22T04:18:10.366+00:00
13812779,Head of Development - Software Architect,https://fyst.applytojob.com/apply/DNSw3uKDQ4/Head-Of-Development-Software-Architect,United States,Not Specified,"AWS, Cloud, NoSQL, SQL, Go",full-time,FYST,https://fyst.com/,https://www.linkedin.com/company/we-are-fyst,2024-11-22T04:18:10.366+00:00
13812732,Staff Software Engineer,https://boards.greenhouse.io/lithic/jobs/5383605004,United States,"$200,000 - $220,000",Python,full-time,Lithic,https://www.lithic.com/,https://www.linkedin.com/company/lithic/,2024-11-22T04:04:59.383+00:00
13812729,"Senior Software Engineer, Mobile BLE Platform",https://boards.greenhouse.io/samsara/jobs/6414573,United States,"$142,503 - $215,550","Android, Cloud, GraphQL, iOS, IoT, React, React Native, Redux, TypeScript, Go",full-time,Samsara,http://www.samsara.com/,https://www.linkedin.com/company/samsara,2024-11-22T04:02:55.315+00:00
13812701,Full-Stack Software Engineer,https://jobs.lever.co/cfsenergy/81ba8e8b-8e60-486e-8091-73e3ccf27310,United States,"$150,000 - $250,000","Assembly, AWS, JavaScript, Next.js, React, Rust, SQL, TypeScript",full-time,Commonwealth Fusion Systems,http://cfs.energy/,https://www.linkedin.com/company/11076301/,2024-11-22T03:52:41.793+00:00
13812702,Senior Scientific Software Engineer - Magnet Protection Systems,https://jobs.lever.co/cfsenergy/0cf689fe-0fd7-4bd0-bc73-13d30194acc8,United States,Not Specified,"Numpy, Pandas, Python, Rust",full-time,Commonwealth Fusion Systems,http://cfs.energy/,https://www.linkedin.com/company/11076301/,2024-11-22T03:52:41.793+00:00
13812681,Senior ServiceNow Developer - Admin,https://bcmcllc.applytojob.com/apply/GRkWJEQjxk/Senior-ServiceNow-DeveloperAdmin,United States,Not Specified,"Cyber Security, ServiceNow, Unix",full-time,"BCMC, LLC",https://www.bcmcgroup.com/,https://www.linkedin.com/company/bcmc-llc,2024-11-22T03:42:41.847+00:00
13812674,Principal Backend Engineer - Node.js Expert,https://jobs.lever.co/flatfile/6f4f95b8-648f-436d-aa84-c79cd0788afd,United States,"$200,000 - $225,000","Benchmarks, Distributed Systems, JavaScript, Node.js, Postgres, Redis",full-time,Flatfile,http://www.flatfile.com/,https://www.linkedin.com/company/flatfile,2024-11-22T03:38:18.532+00:00
13812669,WordPress Developer,https://nrtc.applytojob.com/apply/IhDDygw4MV/WordPress-Developer,United States,Not Specified,"JavaScript, MySQL, PHP, React, WordPress",full-time,NRTC,https://www.nrtc.coop/,https://www.linkedin.com/company/national-rural-telecommunications-cooperative-nrtc-,2024-11-22T03:36:42.598+00:00
13812667,Payment Escalation Specialist,https://tessituranetwork.applytojob.com/apply/4rKOSVhthL/Payment-Escalation-Specialist,United States,"$73,000 - $79,000",SQL,full-time,Tessitura,http://www.tessituranetwork.com/products.aspx,https://www.linkedin.com/company/tessitura-network/,2024-11-22T03:33:59.514+00:00
13812648,Technical Manager - Process Engineering,https://jobs.lever.co/energyrecovery/2fc6cfe8-678e-4109-864a-970960f60ff3,United States,Not Specified,,full-time,"Energy Recovery, Inc.",http://www.energyrecovery.com/,https://www.linkedin.com/company/energyrecovery,2024-11-22T03:15:48.408+00:00
13812639,ServiceNow Developer,https://ats.rippling.com/swingtech-careers/jobs/6488a135-2866-4519-afc8-0d3f98831cb2,United States,Not Specified,"Angular, JavaScript, ServiceNow",full-time,Swingtech,http://www.swingtech.com/,https://www.linkedin.com/company/swingtechconsulting,2024-11-22T03:10:15.097+00:00
13812602,Staff Engineer,https://geico.wd1.myworkdayjobs.com/external/job/Chevy-Chase-MD/Sr-Staff-Engineer---NET---C--Software-Development-Microservices----REMOTE_R0054398,United States,"$115,000 - $260,000","Apache, AWS, Azure, Cassandra, Cloud, Django, Docker, Google Cloud Platform, GRPC, Java, Kafka, Kubernetes, Microservices, MySQL, NoSQL, Postgres, Python, SDLC, Spark, SQL",full-time,GEICO,https://media.geico.com/,https://www.linkedin.com/company/geico,2024-11-22T02:46:13.655+00:00
13812595,DevSecOps Engineer,https://jobs.lever.co/vrchat/206c4546-964a-4821-a4cb-fa6749270416,United States,Not Specified,"Cloud, Cyber Security, JavaScript, MongoDB, Node.js, Redis, Terraform, Unity, Go",full-time,VRChat Inc.,https://hello.vrchat.com/,https://www.linkedin.com/company/vrchat,2024-11-22T02:41:07.271+00:00
4429602,Full Stack Engineer,https://jobs.lever.co/agotai/ef492d42-5f09-4413-80d6-95bb8e034add,United States,Not Specified,"AWS, Cloud, Google Cloud Platform, JavaScript, Python, SQL, Go",full-time,Agot.AI,https://www.agot.ai/,https://www.linkedin.com/company/agot-ai,2024-11-22T02:38:22.12+00:00
13812513,Software Engineer,https://jobs.lever.co/wandb/5091062f-e123-45bc-8c23-00f656dd90b3,United States,Not Specified,"Java, Python, React, TypeScript, Go",full-time,Weights & Biases,http://wandb.ai/,https://www.linkedin.com/company/weights-biases,2024-11-22T01:47:54.481+00:00
11773123,Senior Software Engineer - IAM,https://jobs.lever.co/outreach/4b20d94b-ecae-4761-86ae-4f474d091adc,United States,"$126,000 - $180,000","Angular, AWS, Docker, ElasticSearch, JavaScript, Kubernetes, MySQL, React, TypeScript, Vue.js, Go",full-time,Outreach,https://www.outreach.io/,https://www.linkedin.com/company/outreach-saas/,2024-11-22T01:34:50.995+00:00
13812492,Backend Software Engineer,https://gopowerev.breezy.hr/p/7bfe992198d9-backend-software-engineer,United States,"$120,000 - $180,000","AWS, Cloud, Distributed Systems, Docker, IoT, Kubernetes, Python, Terraform, Go",full-time,GoPowerEV,http://gopowerev.com/,https://www.linkedin.com/company/gopowerev/,2024-11-22T01:33:29.418+00:00
13812477,Site Reliability Operations Analyst,https://jobs.lever.co/palantir/51c9d3fe-fc07-475b-887c-cf40bc572747,United States,"$93,000 - $160,000",,full-time,Palantir Technologies,https://www.palantir.com/,https://linkedin.com/company/palantir-technologies,2024-11-22T01:29:42.089+00:00
13812481,Data Driven Software Engineer,https://leidos.wd5.myworkdayjobs.com/external/job/6314-RemoteTeleworker-US/Data-Driven-Software-Engineer_R-00148767,United States,"$81,250 - $146,875","Ansible, AWS, Cloud, Docker, ElasticSearch, Java, JavaScript, Jenkins, JMeter, JUnit, Kafka, Kubernetes, Logstash, Python, React, RPA, Selenium, Spark, SQL, Unix, Go",full-time,Leidos,http://www.leidos.com/,https://www.linkedin.com/company/leidos/,2024-11-22T01:26:01.717+00:00
13812478,Digital Engineering Lead,https://leidos.wd5.myworkdayjobs.com/external/job/6314-RemoteTeleworker-US/Digital-Engineering-Lead_R-00148774,United States,"$122,200 - $220,900","Cloud, Cyber Security, Hibernate, Go",full-time,Leidos,http://www.leidos.com/,https://www.linkedin.com/company/leidos/,2024-11-22T01:25:16.668+00:00
13812474,"Software Engineer, Backend",https://jobs.lever.co/stackadapt/87677dde-a7fb-41f2-8eed-3428abc20aa2,United States,Not Specified,"Amazon Redshift, Distributed Systems, ElasticSearch, GraphQL, Kafka, MariaDB, Redis, Ruby, Ruby on Rails, Go",full-time,StackAdapt,http://www.stackadapt.com/,https://linkedin.com/company/stackadapt,2024-11-22T01:20:51.79+00:00
13812472,Senior Software Engineer - Backend,https://jobs.lever.co/stackadapt/e3077d81-40a9-491b-ae6b-bea6f2431fb9,United States,Not Specified,"Amazon Redshift, Distributed Systems, ElasticSearch, GraphQL, Kafka, MariaDB, Redis, Ruby, Ruby on Rails, Go",full-time,StackAdapt,http://www.stackadapt.com/,https://linkedin.com/company/stackadapt,2024-11-22T01:20:51.79+00:00
13434326,Senior Software Engineer,https://motorolasolutions.wd5.myworkdayjobs.com/careers/job/Tennessee-Remote-Work/Senior-Software-Engineer---US-Remote_R49177,United States,Not Specified,"JavaScript, Laravel, PHP, SQL, Vue.js",full-time,Motorola Solutions,https://motorolasolutions.com/,https://www.linkedin.com/company/motorolasolutions,2024-11-22T00:51:49.366+00:00
13812418,Staff Fullstack Engineer,https://jobs.ashbyhq.com/pearlhealth/67a44549-bbda-4bab-a920-cd316be0e83c,United States,"$150,000 - $240,000","Cloud, JavaScript, Material UI, Python, React, TypeScript",full-time,Pearl Health,https://www.pearlhealth.com/,https://www.linkedin.com/company/pearl-health,2024-11-22T00:37:08.48+00:00
13812387,Senior Back End Developer,https://ramptalentjobs.breezy.hr/p/08693b02589a-senior-back-end-developer,United States,"$160,000 - $180,000","AWS, Cloud, ElasticSearch, NoSQL, Redis, SDLC, .NET",full-time,Ramp Talent,https://ramptalent.com/,https://www.linkedin.com/company/ramp-talent,2024-11-22T00:10:57.429+00:00
6535948,Golang Engineer,https://hiveon.breezy.hr/p/870d8be554f6-golang-engineer,Worldwide,Not Specified,"Apache, Distributed Systems, Docker, Kafka, Postgres, Redis, Go",full-time,Hiveon,https://hiveon.com/,https://www.linkedin.com/company/hiveon,2024-11-22T00:10:26.636+00:00
13812381,Staff Full Stack Engineer,https://jobs.ashbyhq.com/jellyfish/5357b6d1-bc12-4d7b-afda-81c14bd2538f,United States,Not Specified,"AWS, Django, Python, React, TypeScript",full-time,Jellyfish,http://www.jellyfish.com/,https://www.linkedin.com/company/jellyfishglobal,2024-11-22T00:09:04.625+00:00
13812376,"Full Stack Software Engineer, PHP - Java - VueJS",https://wexinc.wd5.myworkdayjobs.com/wexinc/job/US---Remote/Remote-Full-Stack-PHP-Java-and-VueJS-Software-Engineer_R16568,United States,"$117,000 - $155,000","AWS, Azure, Cloud, Docker, Java, JavaScript, Microservices, Node.js, PHP, Python, Ruby, Vue.js, Go",full-time,WEX,https://www.wexinc.com/,https://www.linkedin.com/company/wexinc,2024-11-22T00:05:38.236+00:00
13812375,Lead Mobile Developer,https://wexinc.wd5.myworkdayjobs.com/wexinc/job/US---Remote/Software-Development-Engineer-4_R16460,United States,"$134,000 - $178,000","Android, Java, Kotlin, Microservices, Spring",full-time,WEX,https://www.wexinc.com/,https://www.linkedin.com/company/wexinc,2024-11-22T00:05:14.777+00:00
7103167,Mid-Level Software Engineer - Full Stack,https://jobs.ashbyhq.com/magicschool/44a0168c-3590-4a4a-918f-6f4dcd25b05a,United States,"$130,000 - $160,000","JavaScript, Next.js, Postgres, Python, React, SQL, TypeScript",full-time,MagicSchool AI,https://www.magicschool.ai/,https://www.linkedin.com/company/magicschool-ai,2024-11-22T00:05:02.401+00:00
13812344,Frontend Engineer,https://jobs.ashbyhq.com/dourolabs.xyz/192bea77-42b2-4a59-b6c4-f64c3bad3f67,Worldwide,Not Specified,"React, TypeScript, Web3",full-time,Douro Labs,https://dourolabs.xyz/,https://www.linkedin.com/company/douro-labs,2024-11-21T23:46:34.05+00:00
13812342,Senior Software Engineer,https://jobs.ashbyhq.com/jump/041c5367-2685-4dba-a27d-6b121bea4583,United States,"$185,000","AWS, Cloud, JavaScript, Node.js, Postgres, React, Terraform, TypeScript",full-time,Jump,https://jump.com/,https://www.linkedin.com/company/jump,2024-11-21T23:41:08.665+00:00
13812317,Authentication Engineer - Python & Angular,https://alight.wd5.myworkdayjobs.com/careers/job/US-IL-Illinois-Virtual/Authentication-Engineer---Python---Angular-Virtual_R-30998,United States,"$90,200 - $143,100","Angular, AWS, Cloud, DynamoDB, Microservices, NoSQL, Python, SQL, TypeScript",full-time,Alight Solutions,https://careers.alight.com/,https://www.linkedin.com/company/alightsolutions,2024-11-21T23:16:44.194+00:00
13812316,Senior Software Engineer,https://alight.wd5.myworkdayjobs.com/careers/job/US-IL-Illinois-Virtual/Sr-Software-Engineer-Virtual_R-31021,United States,"$97,600 - $162,800","Angular, AWS, Cloud, Docker, Java, Kubernetes, Postgres, SQL",full-time,Alight Solutions,https://careers.alight.com/,https://www.linkedin.com/company/alightsolutions,2024-11-21T23:16:27.619+00:00
13812288,Senior Software Engineer - Full Stack,https://icf.wd5.myworkdayjobs.com/icfexternal_career_site/job/Reston-VA/Senior-Software-Engineer--Full-Stack---Remote-_R2404522,United States,"$84,533 - $143,706","Angular, Docker, Jenkins, ServiceNow, Splunk",full-time,ICF,https://www.icf.com/,https://www.linkedin.com/company/icf-international,2024-11-21T22:27:15.422+00:00
13537650,Software Engineer - Rust,https://crowdstrike.wd5.myworkdayjobs.com/crowdstrikecareers/job/USA---Remote/Software-Engineer---Rust--Remote-_R19690,United States,"$115,000 - $180,000","AWS, Azure, Cloud, Cyber Security, Google Cloud Platform, Jenkins, Rust",full-time,CrowdStrike,https://www.crowdstrike.com/,https://www.linkedin.com/company/crowdstrike,2024-11-21T21:57:10.591+00:00
13812258,Java Software Engineer,https://comcast.wd5.myworkdayjobs.com/comcast_careers/job/Virtual/Java-Software-Engineer_R390320-1,United States,"$75,590 - $177,165","Cyber Security, Java",full-time,NBCUniversal,http://www.nbcunicareers.com/,https://www.linkedin.com/company/nbcuniversal-inc-/,2024-11-21T21:45:00.9+00:00
13812253,DevSecOps Architect,https://globalhr.wd5.myworkdayjobs.com/rec_rtx_ext_gateway/job/HIA99-Field-Office---IA-Remote-Location-Remote-City-IA-50301-USA/DevSecOps-Architect--Remote-_01721602,United States,"$118,000 - $246,000","Ansible, AWS, Bash, Cloud, Cyber Security, Grafana, IoT, Kubernetes, Perl, Prometheus, Puppet, Python, Ruby, Terraform",full-time,RTX,http://www.rtx.com/,https://www.linkedin.com/company/rtx/,2024-11-21T21:37:29.781+00:00
13812201,Senior Software Engineer - Android,https://ouryahoo.wd5.myworkdayjobs.com/careers/job/United-States-of-America---Remote/Senior-Software-App-Engineer---Android_JR0025120,United States,"$128,250 - $266,875","Android, Cloud, Java, Kotlin, Node.js, TypeScript, Go",full-time,Yahoo,http://www.yahooinc.com/,https://www.linkedin.com/company/yahoo,2024-11-21T21:08:01.847+00:00
13540140,Senior BackEnd Engineer,https://www.comeet.com/jobs/ox_security/F8.006/senior-backend-engineer--cfg-group-us/1B.C48,United States,Not Specified,"AWS, Azure, Cloud, Google Cloud Platform, JavaScript, Microservices, Node.js, NoSQL, SQL, TypeScript",full-time,OX Security,https://www.ox.security/,https://www.linkedin.com/company/ox-security,2024-11-21T19:28:59.322+00:00
13443579,iOS Researcher,https://www.comeet.com/jobs/Cellebrite/C3.00F/ios-researcher-remote/B2.048,United States,Not Specified,iOS,full-time,Cellebrite,http://www.cellebrite.com/,https://www.linkedin.com/company/cellebrite,2024-11-21T19:10:19.563+00:00
13811919,ServiceNow Certified Technical Architect,https://jobs.jobvite.com/itechag/job/oMiSufwa,United States,Not Specified,"Angular, Cloud, JavaScript, jQuery, ServiceNow, Go",full-time,iTech AG,http://www.itechag.com/,https://www.linkedin.com/company/itechag,2024-11-21T17:26:15.219+00:00
13811914,API Developer,https://jobs.jobvite.com/actionet/job/odnQufwE,United States,Not Specified,"Cloud, Cyber Security, Microservices",full-time,"ActioNet, Inc.",https://www.actionet.com/,"https://www.linkedin.com/company/45827?trk=tyah&trkInfo=tarId:1421965894597,tas:actionet,idx:2-1-2",2024-11-21T17:19:32.428+00:00
13813994,Senior Applications Developer,https://eipp.fa.us6.oraclecloud.com/hcmUI/CandidateExperience/en/sites/CX_1/job/3910,United States,$115 - $125,"ASP.NET, JavaScript, jQuery, MS SQL Server, SDLC, SQL, SSIS, TFS, WPF, Go, .NET",full-time,The Princess Margaret Hospital,https://www.circlehealthgroup.co.uk/hospitals/the-princess-margaret-hospital,https://www.linkedin.com/company/the-princess-margaret-hospital,2024-11-21T16:48:05+00:00
13813995,Senior Applications Developer,https://eipp.fa.us6.oraclecloud.com/hcmUI/CandidateExperience/en/sites/CX_1/job/4003,United States,$48 - $61,"ETL, JavaScript, jQuery, MS SQL Server, SDLC, SQL, SSIS, WPF",full-time,The Princess Margaret Hospital,https://www.circlehealthgroup.co.uk/hospitals/the-princess-margaret-hospital,https://www.linkedin.com/company/the-princess-margaret-hospital,2024-11-21T16:47:17+00:00
13811853,Software Engineer,https://recruiting.paylocity.com/Recruiting/Jobs/Details/2869104,United States,"$91,265 - $127,841","Bash, Cyber Security, JavaScript, Python",full-time,Assured Information Security (AIS),http://www.ainfosec.com/,https://www.linkedin.com/company/assured-information-security-inc.,2024-11-21T14:41:11.321+00:00
13811852,Software Engineer,https://recruiting.paylocity.com/Recruiting/Jobs/Details/2869155,United States,"$103,346 - $142,133","Bash, Cyber Security, Docker, JavaScript, Python, Go",full-time,Assured Information Security (AIS),http://www.ainfosec.com/,https://www.linkedin.com/company/assured-information-security-inc.,2024-11-21T14:41:11.321+00:00
13811830,Software Developer - System Integrator,https://recruiting.paylocity.com/Recruiting/Jobs/Details/2871662,United States,Not Specified,"AWS, Cyber Security, Docker, JavaScript, Kubernetes, Microservices, NGINX, Oracle, PHP, Python, React, TypeScript",full-time,QuesTek Europe AB,http://www.questekeurope.com/,https://www.linkedin.com/company/questekeurope,2024-11-21T14:06:45.041+00:00
13811826,Engineering Intern,https://recruiting.paylocity.com/Recruiting/Jobs/Details/2873246,United States,Not Specified,"JavaScript, SQL",internship,"Hart, Inc.",https://www.hart.com/,https://linkedin.com/company/hart-inc/,2024-11-21T13:50:10.259+00:00
13813917,Software Engineer,https://oreillyauto.wd1.myworkdayjobs.com/oreilly/job/Remote-Ohio/Software-Engineer_R73962-1,United States,"$104,000 - $130,000",SDLC,full-time,Bizi Digital,http://www.bizidigital.com/,https://www.linkedin.com/company/bizi-digital,2024-11-21T12:22:00.077+00:00
13811665,Senior Full Stack Software Engineer,https://boards.greenhouse.io/fareharbor/jobs/7735128002,United States,"$151,200 - $226,800","Angular, Django, JavaScript, Python, Vue.js",full-time,FareHarbor,https://fareharbor.com/,https://www.linkedin.com/company/fareharbor,2024-11-21T11:51:57.477+00:00
10423361,Senior Software Engineer,https://boards.greenhouse.io/smartpass/jobs/4106124008,United States,"$200,000 - $240,000","Angular, Cloud, Google Cloud Platform, JavaScript, Kubernetes, Next.js, Postgres, React, Redis, Go",full-time,SmartPass,https://www.smartpass.app/,https://www.linkedin.com/company/smartpassco/,2024-11-21T11:32:49.102+00:00
13813723,Senior Front-End Software Engineer - React,https://claytonhomes.wd1.myworkdayjobs.com/claytoncareers/job/Maryville-TN/Software-Engineer-IV_JR116501,United States,Not Specified,"Jest, React, React Native, Redux, SDLC, TypeScript",full-time,Clayton,https://careers.claytonhomes.com/,https://www.linkedin.com/company/clayton-homes,2024-11-21T10:25:27.888+00:00
7133866,Senior Software Engineer,https://apply.workable.com/tapcheck/j/42A962A18B,United States,"$150,000 - $160,000","AWS, Azure, Cloud, Google Cloud Platform, SDLC, SQL",full-time,Tapcheck,https://www.tapcheck.com/,https://www.linkedin.com/company/tapcheckinc/,2024-11-21T10:21:05.493+00:00
13813634,Workday Extend Developer,https://invisors.wd5.myworkdayjobs.com/external/job/Remote---USA/Workday-Extend-Developer_JR100113,United States,Not Specified,"Java, JavaScript, Python",full-time,Invisors,http://www.invisors.com/,https://www.linkedin.com/company/invisors/,2024-11-21T09:34:30.891+00:00
13811418,"Integration Product Engineer II, ArcGIS Enterprise Client Team",https://boards.greenhouse.io/esri/jobs/4563558007,United States,"$74,984 - $128,544",,full-time,Esri,https://www.esri.com/en-us/about/about-esri,https://www.linkedin.com/company/esri,2024-11-21T09:28:27.722+00:00
13811407,Senior Software Engineer - Node.js,https://boards.greenhouse.io/isccareers/jobs/4471305005,United States,"$140,000 - $160,000","AWS, Chai, Cloud, Cypress, Docker, DynamoDB, EC2, JavaScript, Jenkins, Jest, Kubernetes, Microservices, Mocha, MySQL, Node.js, NoSQL, SQL, TypeScript",full-time,"ISC (Integrated Specialty Coverages, LLC)",http://www.iscmga.com/,https://www.linkedin.com/company/iscmga,2024-11-21T09:22:19.621+00:00
13811398,Frontend Engineer,https://boards.greenhouse.io/lazarusenterprises/jobs/4554986007,United States,"$90,000 - $135,000","Android, AWS, Cloud, Docker, Java, JavaScript, Kotlin, Kubernetes, Python, React, Go",full-time,Lazarus AI,https://www.lazarusforms.com/,https://www.linkedin.com/company/lazarus-enterprisesinc/mycompany/,2024-11-21T09:20:16.661+00:00
10428596,Software Engineer,https://boards.greenhouse.io/liftoff/jobs/6214301,United States,"$145,000 - $190,000","AWS, Distributed Systems, Docker, GraphQL, GRPC, Java, Kafka, Kubernetes, Microservices, Python, Redis, Tensorflow, Go",full-time,Liftoff Mobile,http://www.liftoff.io/,https://www.linkedin.com/company/liftoffmobile,2024-11-21T09:17:40.659+00:00
13813574,"Senior Software Engineer, Android",https://draftkings.wd1.myworkdayjobs.com/draftkings/job/Remote---US/Senior-Software-Engineer--Native_JR09427-1,United States,"$116,000 - $145,000","Android, Dagger, Gradle, iOS, Kotlin, SDLC",full-time,DraftKings Inc.,https://careers.draftkings.com/,https://www.linkedin.com/company/draftkings-inc-/,2024-11-21T09:11:14.618+00:00
13813555,Geospatial Analytics Data Platform Architect,https://allstate.wd5.myworkdayjobs.com/allstate_careers/job/US---Remote/XMLNAME--Geospatial-Analytics-Data-Platform-Architect_R8596,United States,"$121,600 - $206,650","Amazon Redshift, Apache, AWS, Cloud, ETL, Google Cloud Platform, NoSQL, Spark, SQL, Go",full-time,Allstate,https://www.allstatecorporation.com/,https://www.linkedin.com/company/allstate/,2024-11-21T09:05:05.834+00:00
13811333,Senior Software Engineer,https://jobs.lever.co/buoysoftware/eec15022-c468-4d5c-be35-4fea9812c10f,United States,"$160,000 - $190,000","GraphQL, Postgres, Ruby, Ruby on Rails, Go",full-time,Buoy Software,http://www.buoysoftware.com/,https://www.linkedin.com/company/buoy-software,2024-11-21T09:04:13.238+00:00
13811253,Software Engineer - .NET,https://careers.dotdigital.com/jobs/5229408-software-engineer-net,Worldwide,Not Specified,"Angular, Azure, Cloud, MongoDB, RabbitMQ, SQL, TypeScript, Go, .NET",full-time,Dotdigital,https://careers.dotdigital.com/cookie-policy,https://www.linkedin.com/company/dotdigital,2024-11-21T08:45:51.301+00:00
13811208,Software Developer - US,https://apply.workable.com/glorious/j/9E69714A67,United States,"$70,000 - $85,000",React,full-time,Glorious,https://www.gloriousgaming.com/,https://www.linkedin.com/company/glorious-gaming,2024-11-21T08:30:23.609+00:00
13811169,Senior Tableau Developer,https://boards.greenhouse.io/mocafi/jobs/4586122007,United States,"$100,000 - $150,000","Cloud, ETL, Informatica, MongoDB, MySQL, NoSQL, Oracle, SQL, SSIS, Tableau, Go",full-time,MoCaFi,http://www.mocafi.com/,https://www.linkedin.com/company/mocafi,2024-11-21T08:13:45.636+00:00
13811168,"Senior Business Intelligence, BI Developer",https://boards.greenhouse.io/mocafi/jobs/4585998007,United States,"$100,000 - $150,000","Cloud, ETL, Informatica, MongoDB, MySQL, NoSQL, Oracle, SQL, SSIS, Tableau, Go",full-time,MoCaFi,http://www.mocafi.com/,https://www.linkedin.com/company/mocafi,2024-11-21T08:13:45.636+00:00
13811122,.NET Core Developer,https://jobs.smartrecruiters.com/derextechnologiesinc/744000027594065--net-core-developer-programmer-analyst,United States,Not Specified,"Angular, ASP.NET, Java, JavaScript, jQuery, Node.js, Oracle, React, SDLC, SQL, Go, .NET",contract,Derex Technologies Inc,http://www.derextech.com/,https://www.linkedin.com/company/derex-technologies-inc,2024-11-21T07:56:45.504+00:00
13811079,Lead Principal Engineer,https://jobs.smartrecruiters.com/abbvie/3743990005957796-lead-principal-engineer-remote,United States,"$133,500 - $253,500","Cloud, Go",full-time,AbbVie,http://www.abbvie.com/,https://www.linkedin.com/company/abbvie,2024-11-21T07:37:44.585+00:00
13811061,Senior Software Engineer,https://boards.greenhouse.io/greynoiseintelligence/jobs/4499845005,United States,Not Specified,"Cloud, Distributed Systems, ElasticSearch, Google Cloud Platform, Grafana, Go",full-time,GreyNoise Intelligence,https://greynoise.io/,https://www.linkedin.com/company/greynoise,2024-11-21T07:32:25.483+00:00
13811056,Principal Software Development Engineer,https://zillow.wd5.myworkdayjobs.com/zillow_group_external/job/Remote-USA/Principal-Software-Development-Engineer--ZHL_P745881-1,United States,"$186,700 - $298,300","Android, Cloud, Distributed Systems, Java, Node.js, Python, Go",full-time,Gem,https://www.gem.com/,https://www.linkedin.com/company/gem-recruiting-software/,2024-11-21T07:28:01.976+00:00
13811055,Senior Software Development Engineer - Data Platform,https://zillow.wd5.myworkdayjobs.com/zillow_group_external/job/Remote-USA/Senior-Software-Development-Engineer_P745796,United States,"$158,200 - $252,800","Airflow, AWS, Cloud, Java, Kafka, Python, Scala, Spark, Go",full-time,Gem,https://www.gem.com/,https://www.linkedin.com/company/gem-recruiting-software/,2024-11-21T07:27:46.113+00:00
13811030,Full Stack Software Developer,https://fullsteam.wd1.myworkdayjobs.com/external/job/US-AL-Remote/Full-Stack-Software-Developer_JR101150,United States,Not Specified,"ASP.NET, Cloud, JavaScript, React, SDLC, SOAP, SQL, Go, .NET",full-time,Fullsteam,https://www.fullsteam.com/,https://www.linkedin.com/company/fullsteam-llc,2024-11-21T07:16:41.802+00:00
13810948,Lead Engineer - Digital Exchange,https://ssctech.wd1.myworkdayjobs.com/ssctechnologies/job/Remote---Texas-US/Lead-Engineer--Digital-Exchange_R28859,United States,Not Specified,"Angular, Groovy, Java, RDBMS, React, Spring",full-time,Launch Potato,http://www.allaboutcookies.org/,https://www.linkedin.com/company/launchpotato,2024-11-21T06:43:41.658+00:00
13813148,Senior .NET Software Engineer - Backend and Frontend,https://jci.wd5.myworkdayjobs.com/jci/job/Raleigh-North-Carolina-United-States-of-America/Senior-NET-Engineer_WD30205115-1,United States,Not Specified,"ASP.NET, AWS, JavaScript, React, SDLC, SQL, .NET",full-time,Johnson Controls,https://www.johnsoncontrols.com/,https://www.linkedin.com/company/johnson-controls,2024-11-21T06:43:37.849+00:00
13810927,Principal Engineer - ML/AI,https://boards.greenhouse.io/simpletechnologysolutions/jobs/5381380004,United States,Not Specified,"AWS, Azure, Cloud, Hadoop, Java, Kafka, Python, PyTorch, Scala, Scikit-Learn, Spark, Tensorflow, Go",full-time,Simple Technology Solutions,http://www.simpletechnology.io/,https://www.linkedin.com/company/simpletechnology,2024-11-21T06:38:51.737+00:00
13810896,Senior Software Engineer,https://boards.greenhouse.io/fidelityguarantylife/jobs/6273064003,United States,Not Specified,"Angular, ASP.NET, AWS, Azure, Bootstrap, Cloud, Entity Framework, SDLC, SOAP, SQL, .NET",full-time,F&G,https://saleslink.fglife.com/,https://www.linkedin.com/company/f-&-g,2024-11-21T06:27:02.364+00:00
13810895,Team Lead - Mobile App Developer,https://jobs.lever.co/thekrazycouponlady/32760676-b0e9-4289-9a66-30d314e0408f,United States,"$150,000 - $175,000","MobX, React, Redux",full-time,The Krazy Coupon Lady,https://thekrazycouponlady.com/,https://www.linkedin.com/company/krazy-coupon-lady-llc,2024-11-21T06:26:24.073+00:00
13810865,Technical Lead - Ecosystem Services Unit,https://boards.greenhouse.io/winrock/jobs/7738083002,United States,"$110,000 - $120,000","JavaScript, Python, Remote Sensing, Go",full-time,Winrock International,http://www.winrock.org/,https://www.linkedin.com/company/winrock-international,2024-11-21T06:12:00.333+00:00
13526627,Advanced Software Engineer,https://healthcare.wd1.myworkdayjobs.com/search/job/Remote---Connecticut/Advanced-Software-Engineer--Solventum-_R01116419,United States,"$95,825 - $117,120","Angular, AWS, Benchmarks, EC2, ElasticSearch, Java, Jenkins, Maven, MySQL, Oracle, Python, Spring Boot, SpringBoot, SQL",full-time,Solventum,https://www.solventum.com/,https://www.linkedin.com/company/solventumhealth/,2024-11-21T05:49:43.236+00:00
13810803,Power Platform Dataflow Developer,https://jobs.lever.co/truetandem/9d4a8ceb-59f2-445b-a355-9b619f36b17a,United States,Not Specified,JavaScript,full-time,TrueTandem,http://www.truetandem.com/,https://www.linkedin.com/company/truetandem,2024-11-21T05:46:29.696+00:00
13442207,"Manager, Application Development Engineering",https://centene.wd5.myworkdayjobs.com/centene_external/job/Remote-MO/Manager--Application-Development-Engineering_1530728-1,United States,"$98,900 - $183,100",,full-time,Centene Corporation,http://www.centene.com/,https://www.linkedin.com/company/centene-corporation,2024-11-21T05:31:41.253+00:00
13810738,Project Technical Leader,https://jobs.smartrecruiters.com/veoliaenvironnementsa/744000027750504-project-technical-leader-htfb-biosolids-incineration-process-team,United States,"$97,845 - $178,000",Go,contract,Veolia,https://www.veolia.com/en/careers/our-mission/WeAreResourcers,https://www.linkedin.com/company/veolia-environnement,2024-11-21T05:29:22.455+00:00
7043678,Senior Backend Engineer - Python,https://boards.greenhouse.io/podium81/jobs/5941679,United States,Not Specified,"Cloud, Distributed Systems, Elixir, Python, Go",full-time,Podium,https://www.podium.com/,https://www.linkedin.com/company/podium,2024-11-21T05:27:12.768+00:00
13810723,Senior Software Engineer,https://boards.greenhouse.io/dominodatalab/jobs/6406641,United States,"$163,000 - $189,000","Apache, Cloud, Docker, GRPC, Hadoop, Java, Kubernetes, Python, Ray, Scala, Spark, Go",full-time,Domino Data Lab,https://www.dominodatalab.com/,https://www.linkedin.com/company/domino-data-lab,2024-11-21T05:25:10.264+00:00
13810724,Staff Software Engineer - Model Development Lifecycle,https://boards.greenhouse.io/dominodatalab/jobs/6406589,United States,"$200,000 - $235,000","Apache, AWS, Azure, Cloud, Docker, Google Cloud Platform, GRPC, Kubernetes, Ray, Spark",full-time,Domino Data Lab,https://www.dominodatalab.com/,https://www.linkedin.com/company/domino-data-lab,2024-11-21T05:25:10.264+00:00
13810722,"Senior Manager, Backend Engineering",https://boards.greenhouse.io/garnerhealth/jobs/4778365004,United States,"$220,000 - $250,000","AWS, Cloud, Distributed Systems, Google Cloud Platform, Kafka, Kubernetes, Python, Spark",full-time,Garner Health,http://www.getgarner.com/,https://www.linkedin.com/company/getgarner,2024-11-21T05:24:34.564+00:00
13788334,Staff Software Engineer - Core Services,https://boards.greenhouse.io/getbuilt/jobs/4487513005,United States,"$185,000 - $215,000","AWS, Cloud, Distributed Systems, Docker, Flask, Jest, Kubernetes, Node.js, Python, React, Redux, Selenium, TypeScript",full-time,Built,http://www.getbuilt.com/,https://www.linkedin.com/company/built-technologies-inc-,2024-11-21T05:17:47.851+00:00
13810706,Senior Reliability Engineer,https://americor.applytojob.com/apply/7my2TfRyOY/Senior-Reliability-Engineer,United States,"$120,000 - $140,000","Ansible, AWS, Azure, Cloud, Distributed Systems, DNS, Docker, HAProxy, Kubernetes, Laravel, MariaDB, MySQL, NGINX, PHP, Redis, Symfony, TCP/IP, Terraform",full-time,Americor,http://www.americor.com/,https://www.linkedin.com/company/americor-financial/,2024-11-21T05:16:58.48+00:00
13810636,Staff Software Engineer - FE,https://boards.greenhouse.io/springhealth66/jobs/4499605005,United States,"$200,800 - $245,000","Flutter, React, Spring, TypeScript",full-time,Spring Health,https://www.springhealth.com/,https://www.linkedin.com/company/spring-health,2024-11-21T04:55:11.799+00:00
13810634,Senior Software Engineer - AI,https://boards.greenhouse.io/springhealth66/jobs/4499642005,United States,"$159,100 - $194,150","Flutter, React, Ruby, Ruby on Rails, Spring, TypeScript",full-time,Spring Health,https://www.springhealth.com/,https://www.linkedin.com/company/spring-health,2024-11-21T04:55:11.799+00:00
13810635,Staff Software Engineer - AI,https://boards.greenhouse.io/springhealth66/jobs/4499623005,United States,"$200,800 - $245,000","Flutter, React, Ruby, Ruby on Rails, Spring, TypeScript",full-time,Spring Health,https://www.springhealth.com/,https://www.linkedin.com/company/spring-health,2024-11-21T04:55:11.799+00:00
13559746,Senior Software Engineer,https://boards.greenhouse.io/ocrolusinc/jobs/5364543004,United States,Not Specified,"Cloud, Microservices, MySQL, Postgres, Python",full-time,Ocrolus,http://ocrolus.com/,https://www.linkedin.com/company/ocrolus,2024-11-21T04:50:15.704+00:00
13810601,"Senior Software Engineer, Medical Visualization",https://boards.greenhouse.io/heartflowinc/jobs/5382469004,United States,"$133,859 - $175,479","AWS, C++, Cloud, JavaScript, Microservices, TypeScript",full-time,"HeartFlow, Inc",http://www.heartflow.com/,https://www.linkedin.com/company/heartflow-inc,2024-11-21T04:41:32.283+00:00
13810575,Lead .NET Software Engineer,https://assurant.wd1.myworkdayjobs.com/assurant_careers/job/United-States-Virtual/Lead-Integration-Software-Engineer_R-105778,United States,"$101,500 - $169,400","Angular, Azure, Cloud, Docker, Kubernetes, MongoDB, MS SQL Server, MySQL, NoSQL, Postgres, RDBMS, React, SQL, Terraform, Vue.js, .NET",full-time,Assurant,https://jobs.assurant.com/,https://www.linkedin.com/company/assurant/,2024-11-21T04:29:00.009+00:00
13810499,Staff Software Engineer,https://workiva.wd1.myworkdayjobs.com/careers/job/USA---Remote/Staff-Software-Engineer_R9527,United States,"$129,000 - $207,000","Cloud, Distributed Systems, React, TypeScript",full-time,Workiva,https://www.workiva.com/,https://www.linkedin.com/company/workiva/,2024-11-21T04:10:53.108+00:00
13810467,ServiceNow Developer,https://phoenixcybersecurity.applytojob.com/apply/0gt7N3hMtZ/ServiceNow-Developer-JOB-ID-20241120,United States,Not Specified,"Cyber Security, ITSM, Java, ServiceNow, SOAP, TypeScript",full-time,Phoenix Cyber,https://phxcyber.com/,https://www.linkedin.com/company/phoenixcyber/,2024-11-21T04:02:07.456+00:00
13810465,Full Stack Developer - React,https://phoenixcybersecurity.applytojob.com/apply/BoCkG6jOnt/Full-Stack-Developer-React-Job-ID-20241120,United States,Not Specified,"Ansible, AWS, Azure, Bash, Chef, Cloud, Cyber Security, Docker, ElasticSearch, JavaScript, jQuery, Kafka, Kubernetes, Logstash, OpenShift, Puppet, Python, React, Redux, Selenium, Splunk, Spring, Terraform, Webpack, Yarn",full-time,Phoenix Cyber,https://phxcyber.com/,https://www.linkedin.com/company/phoenixcyber/,2024-11-21T04:02:07.456+00:00
13810464,Python Developer,https://phoenixcybersecurity.applytojob.com/apply/2TBEFZ9Lqm/Python-Developer-Job-ID-20241120,United States,Not Specified,"Ansible, AWS, Azure, Chef, Cloud, Cyber Security, Docker, ElasticSearch, Kafka, Kubernetes, Logstash, MongoDB, Puppet, Python, SOAP, Splunk, Terraform",full-time,Phoenix Cyber,https://phxcyber.com/,https://www.linkedin.com/company/phoenixcyber/,2024-11-21T04:02:07.456+00:00
13810461,Generative AI Platform Architect,https://calix.wd1.myworkdayjobs.com/external/job/Remote---USA/Generative-AI-Platform-Architect_R-10165,United States,"$159,000 - $310,500","AWS, Azure, Cloud, Distributed Systems, Docker, Google Cloud Platform, Kubernetes, PyTorch, Tensorflow, Go",full-time,Calix,https://www.calix.com/,https://www.linkedin.com/company/calix,2024-11-21T04:02:04.387+00:00
13810436,"Senior Software Engineer, Golang - API Design",https://jobs.lever.co/easypost-2/2d499e33-c516-41a7-a8d3-b546c063bdee,United States,Not Specified,"Backbone, Cloud, Distributed Systems, Microservices, NoSQL, Python, SQL, Go",full-time,EasyPost,http://www.easypost.com/,https://www.linkedin.com/company/easypost,2024-11-21T03:40:25.935+00:00
13810422,Senior Backend Engineer,https://uptogether.applytojob.com/apply/IfWjySjtvs/Senior-Backend-Engineer,United States,"$130,000 - $145,000","AWS, Cloud, Python, SDLC",full-time,UpTogether,http://uptogether.org/,https://www.linkedin.com/company/move-uptogether,2024-11-21T03:32:02.289+00:00
13810419,"Senior Software Engineer, Observability",https://jobs.lever.co/secondfrontsystems/b1d1fcbc-5958-489c-b4f7-530d06623e51,United States,"$160,000 - $180,000","AWS, Cloud, Flux, Google Cloud Platform, Grafana, Kubernetes, Microservices, MySQL, Postgres, Python, Rust, SQL, TypeScript, Go",full-time,Second Front Systems,http://www.secondfront.com/,https://www.linkedin.com/company/secondfront/,2024-11-21T03:28:33.346+00:00
13810382,Senior Software Engineer,https://bombbomb.applytojob.com/apply/t0ZPzLXr4C/Senior-Software-Engineer,United States,"$150,000 - $175,000","Azure, JavaScript, Node.js, PHP, Postgres, React, TypeScript",full-time,BombBomb,http://bombbomb.com/,https://www.linkedin.com/company/bombbomb/,2024-11-21T03:07:38.522+00:00
6944087,Senior Backend Software Engineer - Platform Security,https://jobs.lever.co/teleport/59c526da-dae8-43d6-b6ac-16befc9a8a61,United States,"$173,600 - $293,000","AWS, Azure, Google Cloud Platform, JavaScript, Kubernetes, Open Source, React, Rust, Go",full-time,Teleport,https://goteleport.com/,https://www.linkedin.com/company/go-teleport/,2024-11-21T03:04:11.701+00:00
13810363,Chief Architect,https://lightfeather.applytojob.com/apply/JhYwqA4V7Y/Chief-Architect,United States,Not Specified,"Apache, AWS, Cloud, Microservices, SQL",full-time,LightFeather,https://www.lightfeather.io/,https://www.linkedin.com/company/lightfeather-io/mycompany/,2024-11-21T03:03:48.913+00:00
7125276,.NET Developer,https://jobs.lever.co/dragonarmy/8896f590-b865-410b-b103-106264622c3e,United States,Not Specified,"JavaScript, MS SQL Server, SQL, Go, .NET",contract,Dragon Army,http://dragonarmy.com/,https://www.linkedin.com/company/dragon-army/,2024-11-21T02:48:33.065+00:00
13810337,"Senior Full-Stack Developer, Angular and Node JS",https://jobs.lever.co/softrams/d5bf908e-056b-4c1d-90dc-74af083c3059,United States,Not Specified,"Angular, AWS, Cloud, Cyber Security, Java, JavaScript, Jenkins, Node.js, Postgres, Python, TypeScript",full-time,Softrams,https://www.softrams.com/,https://www.linkedin.com/company/softrams-llc/,2024-11-21T02:47:41.644+00:00
13810324,Senior Principal Software Engineering,https://mastercard.wd1.myworkdayjobs.com/corporatecareers/job/OFallon-Missouri/Sr-Principal--Software-Engineering_R-232573-1,United States,"$200,000 - $320,000","Cloud, Go",full-time,TASC,http://www.tasc.je/,https://www.linkedin.com/company/the-african-stove-company,2024-11-21T02:36:42.954+00:00
13810258,Frontend Architect,https://caci.wd1.myworkdayjobs.com/external/job/Remote-Any-State/Frontend-Architect_304304,United States,"$82,100 - $172,400","Angular, AWS, Cloud, JavaScript, NGINX, SDLC, Spring, Spring Boot, SpringBoot, TypeScript, Go",full-time,CACI International Inc,https://careers.caci.com/,https://www.linkedin.com/company/caci-international-inc,2024-11-21T02:04:44.331+00:00
13810205,Lead Full Stack Engineer - GenAI Studio,https://collegeboard.wd1.myworkdayjobs.com/careers/job/Remote---USA/Lead-Full-Stack-Engineer--GenAI-Studio_REQ001859,United States,"$158,000 - $174,000","Amazon Redshift, AWS, Cloud, DynamoDB, JavaScript, MySQL, Node.js, Oracle, Postgres, Python, React, SQL, Terraform, TypeScript",full-time,The College Board,https://careers.collegeboard.org/,https://www.linkedin.com/company/the-college-board,2024-11-21T01:28:26.166+00:00
13810122,Pega Developer,https://vetsez.breezy.hr/p/047170cea46f01-pega-developer-remote-opportunity,United States,Not Specified,Java,full-time,VetsEZ,https://www.vetsez.com/,https://www.linkedin.com/company/vetsez/,2024-11-21T00:01:24.281+00:00
13812338,Senior AEM Developer,https://cnx.wd1.myworkdayjobs.com/external_global/job/USA-Work-at-Home/Senior-AEM-Developer_R1554182,United States,Not Specified,"AEM, Java, Node.js, SDLC",full-time,Concentrix,https://www.concentrix.com/,https://www.linkedin.com/company/concentrix/,2024-11-20T23:36:47.951+00:00
13810081,Full Stack Engineer,https://jobs.ashbyhq.com/arqu/c98648ed-f72b-41de-bbf5-8849523e506a,United States,Not Specified,"AWS, Distributed Systems, DynamoDB, Google Cloud Platform, Java, Kotlin, Scala, Swift, TypeScript, Vue.js",full-time,arqu,https://arqu.com/,https://www.linkedin.com/company/arqu-inc/,2024-11-20T23:14:33.245+00:00
13810058,Software Engineer,https://outsystems.wd5.myworkdayjobs.com/outsystems/job/US---Remote/Software-Engineer_R454,United States,Not Specified,"AWS, Azure, Cloud, Docker, Google Cloud Platform, Kubernetes, Python, Terraform, Go",full-time,OutSystems,https://www.outsystems.com/,https://www.linkedin.com/company/outsystems,2024-11-20T22:40:27.372+00:00
13424407,Senior Software Engineer - PHP,https://icf.wd5.myworkdayjobs.com/icfexternal_career_site/job/Reston-VA/Senior-Software-Engineer--PHP--remote_R2403903,United States,"$84,533 - $143,706","AWS, Azure, Cloud, JavaScript, jQuery, MySQL, Node.js, PHP, RDBMS, React, ServiceNow, SQL, Subversion, Go",full-time,ICF,https://www.icf.com/,https://www.linkedin.com/company/icf-international,2024-11-20T22:25:14.75+00:00
13810046,Senior Full Stack Engineer - Go (Golang) - Remote,https://factset.wd1.myworkdayjobs.com/factsetcareers/job/Norwalk-CT-USA/Sr-Full-Stack-Engineer----Webservices--Agile-Development---Databricks--ML-Workflow-_R24705,United States,"$142,000 - $185,000","Angular, JavaScript, TypeScript, Vue.js, Go",full-time,FactSet,https://www.factset.com/,https://www.linkedin.com/company/factset,2024-11-20T22:11:01.01+00:00
13810036,Curriculum Developer - Healthcare Undergraduate Nursing,https://ghc.wd1.myworkdayjobs.com/kaplan_careers/job/RemoteNationwide-USA/Curriculum-Developer--Healthcare--Undergraduate-Nursing--Part-Time-_JR243706,United States,$35 - $42,Go,part-time,Kaplan Test Prep,https://www.kaptest.com/,https://www.linkedin.com/company/kaplan-test-prep,2024-11-20T21:58:24.016+00:00
13810024,Senior Software Developer,https://spgi.wd5.myworkdayjobs.com/spgi_careers/job/US---VA---VIRTUAL/Sr-Software-Developer_307767-1,United States,"$59,328 - $144,200","Android, Angular, D3.js, iOS, JavaScript, React, Vue.js",full-time,S&P Global,http://www.spglobal.com/,https://www.linkedin.com/company/2934,2024-11-20T21:47:32.511+00:00
13812239,Senior Python Compiler Engineer,https://nvidia.wd5.myworkdayjobs.com/nvidiaexternalcareersite/job/US-OR-Hillsboro/Senior-Python-Compiler-Engineer_JR1991746,United States,"$180,000 - $339,250","Cloud, Numpy, Python, Go",full-time,NVIDIA,https://www.nvidia.com/,https://www.linkedin.com/company/nvidia/,2024-11-20T21:25:15.021+00:00
13810006,Software Engineer,https://tsys.wd1.myworkdayjobs.com/tsys/job/Columbus-Georgia-USA/Software-Engineer-III_R0056483,United States,Not Specified,"Android, Angular, Babel, Hadoop, iOS, Java, JavaScript, jQuery, MS SQL Server, MySQL, Node.js, NoSQL, Oracle, Python, React, Redux, Ruby, SDLC, SQL, Tensorflow, Webpack, .NET",full-time,Global Payments Inc.,https://jobs.globalpayments.com/,https://www.linkedin.com/company/global-payments,2024-11-20T21:22:19.041+00:00
13810005,Software Engineer,https://tsys.wd1.myworkdayjobs.com/tsys/job/Columbus-Georgia-USA/Software-Engineer-III_R0056675,United States,Not Specified,"Android, Angular, Babel, Hadoop, iOS, Java, JavaScript, jQuery, MS SQL Server, MySQL, Node.js, NoSQL, Oracle, Python, React, Redux, Ruby, SDLC, SQL, Tensorflow, Webpack, .NET",full-time,Global Payments Inc.,https://jobs.globalpayments.com/,https://www.linkedin.com/company/global-payments,2024-11-20T21:21:58.799+00:00
13811764,Senior Engineer - Solutions S&SS,https://cbha.fa.us2.oraclecloud.com/hcmUI/CandidateExperience/en/sites/CX_1/job/2347,United States,"$78,000 - $90,000","TCP/IP, Go",full-time,Ricoh UK,http://www.ricoh.co.uk/,https://www.linkedin.com/company/ricoh-uk,2024-11-20T19:36:38+00:00
13809700,ServiceNow Developer - ITAM,https://jobs.jobvite.com/windward/job/okPRufwe,United States,Not Specified,"Citrix, Cloud, ITSM, Oracle, ServiceNow, VMware",full-time,Windward Consulting,http://www.windward.com/,https://www.linkedin.com/company/windward-it-solutions,2024-11-20T17:28:23.589+00:00
13811924,Software Engineer,https://homedepot.wd5.myworkdayjobs.com/careerdepot/job/GEORGIA---VIRTUAL---GA01/Software-Engineer-2--Remote-_Req126957,United States,"$80,000 - $140,000","AWS, Cassandra, Cloud, Google Cloud Platform, Grafana, Java, NoSQL, Prometheus, Spring Boot, SpringBoot",full-time,The Home Depot,https://careers.homedepot.com/,http://www.linkedin.com/company/the-home-depot/,2024-11-20T17:26:25.968+00:00
13809694,ServiceNow Developer - ITAM,https://jobs.jobvite.com/windward-consulting/job/okPRufwe,United States,Not Specified,"Citrix, Cloud, ITSM, Oracle, ServiceNow, VMware",full-time,Windward Consulting,http://www.windward.com/,https://www.linkedin.com/company/windward-it-solutions,2024-11-20T17:11:27.936+00:00
13809653,Senior Database Engineer - DBA,https://recruiting.paylocity.com/Recruiting/Jobs/Details/2870333,United States,Not Specified,"Azure, ETL, Informatica, JavaScript, SQL, SSIS",full-time,"ProgenyHealth, LLC",http://www.progenyhealth.com/,https://www.linkedin.com/company/progenyhealth-inc-,2024-11-20T16:26:48.781+00:00
13809633,Software Engineer,https://homedepot.wd5.myworkdayjobs.com/careerdepot/job/GEORGIA---VIRTUAL---GA01/Software-Engineer-2--Remote-_Req126953,United States,"$80,000 - $140,000","Cloud, Java, JavaScript, NoSQL, SQL, TypeScript",full-time,The Home Depot,https://careers.homedepot.com/,http://www.linkedin.com/company/the-home-depot/,2024-11-20T15:59:09.376+00:00
13811750,Full Stack Software Engineer,https://efds.fa.em5.oraclecloud.com/hcmUI/CandidateExperience/en/sites/CX_1/job/38347,United States,Not Specified,"Angular, AWS, Azure, Cloud, Flux, Google Cloud Platform, Java, JavaScript, Jenkins, Jest, Kotlin, Mocha, NoSQL, Python, React, Redux, Selenium, Spring, Spring Boot, SpringBoot, SQL, Terraform, TypeScript, Vue.js, Webpack, Go",full-time,Ford Motor Company,https://corporate.ford.com/careers,https://www.linkedin.com/company/ford-motor-company,2024-11-20T15:35:26+00:00
13809538,Software Development Engineer,https://recruiting.paylocity.com/Recruiting/Jobs/Details/2719317,United States,Not Specified,"Angular, Cloud, DNS, Firewalls, Java, JavaScript, JUnit, MySQL, Perl, Python, React, TCP/IP",full-time,"NexGen Data Systems, Inc.",http://www.ngds.com/,https://www.linkedin.com/company/nexgen-data-systems-inc.,2024-11-20T13:51:00.615+00:00
13809524,Mobile Application Developer - Cross-Platform,https://recruiting.paylocity.com/Recruiting/Jobs/Details/2870258,United States,"$70,000 - $80,000","Android, Firebase, Flutter, iOS, Java, JavaScript, MySQL, React, React Native, SQLite, Swift",full-time,Tech Impact,http://www.techimpact.org/,https://www.linkedin.com/company/tech-impact,2024-11-20T13:18:56.088+00:00
13811645,Programmer Analyst,https://insbrk.wd5.myworkdayjobs.com/one80careers/job/Remote---US/Programmer-Analyst_JR102131,United States,"$51,800 - $74,000","JavaScript, jQuery, RDBMS, SQL",full-time,One80 Intermediaries,http://www.one80intermediaries.com/,https://www.linkedin.com/company/one80intermediaries,2024-11-20T11:39:26.778+00:00
13809386,Senior Fullstack Engineer,https://boards.greenhouse.io/kentik/jobs/4498561005,United States,"$151,500 - $204,500","Cloud, GRPC, HAProxy, JavaScript, Jenkins, Kafka, MySQL, Node.js, Postgres, Python, React, Redis, SQL, Go",full-time,Kentik,https://www.kentik.com/,https://www.linkedin.com/company/kentik,2024-11-20T11:13:18.469+00:00
13811593,Staff Engineer,https://baldwinriskpartners.wd1.myworkdayjobs.com/brp/job/Remote-US/Staff-Engineer_JR106855-2,United States,Not Specified,"AWS, Azure, Cloud",full-time,The Baldwin Group,https://baldwin.com/,https://www.linkedin.com/company/thebaldwingroup/,2024-11-20T11:10:21.395+00:00
13809359,Senior Developer,https://aquilasw.hire.trakstar.com/jobs/fk0p3ki/,United States,Not Specified,"Angular, AWS, Azure, Cloud, ETL, SQL, SSIS, .NET",full-time,Aquila,https://aquilasw.com/careers,https://www.linkedin.com/company/aquilasw/?viewAsMember=true,2024-11-20T11:07:09.321+00:00
13809350,Senior Developer,https://altairsw.hire.trakstar.com/jobs/fk0p3ki/,United States,Not Specified,"Angular, AWS, Azure, Cloud, ETL, SQL, SSIS, .NET",full-time,Aquila,https://aquilasw.com/careers,https://www.linkedin.com/company/aquilasw/?viewAsMember=true,2024-11-20T11:04:33.573+00:00
13809343,"Full Stack Engineer, Ruby on Rails - React",https://zeitview.hire.trakstar.com/jobs/fk0p3ke/,United States,Not Specified,"Android, AWS, Docker, EC2, Electron, Ember.js, iOS, Java, JavaScript, Microservices, Postgres, Python, React, Redis, Ruby, Ruby on Rails, Terraform, Go",full-time,Zeitview,https://zeitview.com/,https://www.linkedin.com/company/dronebase,2024-11-20T11:01:02.527+00:00
13809324,Senior Software Engineer,https://apply.workable.com/griffin-consulting-llc-1/j/3A5D61CC92,United States,"$160,000 - $180,000","Angular, AWS, Azure, Cloud, ElasticSearch, Kafka, Postgres, Redis, .NET",full-time,Griffin Consultants LLC,https://www.griffinconsulting.org/,https://www.linkedin.com/company/griffin-consultants-llc,2024-11-20T10:42:45.93+00:00
13809311,Conversion Developer,https://boards.greenhouse.io/m9solutions/jobs/4586210007,United States,"$60,000 - $180,000","Cloud, Cyber Security, ERP, Groovy, Oracle, Oracle ERP, WordPress, Go",full-time,M9 Solutions,http://www.m9solutions.com/,https://www.linkedin.com/company/m9-solutions,2024-11-20T10:24:19.321+00:00
13809254,Senior Software Engineer - Software Agent,https://boards.greenhouse.io/automox/jobs/4411779008,United States,"$140,000 - $175,000","Bash, Cloud, IoT, MacOS, Python, Go",full-time,Automox,https://www.automox.com/,https://www.linkedin.com/company/automox,2024-11-20T09:56:02.418+00:00
13811455,Director - Endpoint Engineering,https://strideinc.wd1.myworkdayjobs.com/sk/job/US-Nationwide---Remote/Director--Endpoint-Engineering_JR106119,United States,"$132,365 - $273,580","Android, Azure, iOS, ITSM, ServiceNow, VoIP",full-time,"Stride, Inc.",https://www.stridelearning.com/,https://www.linkedin.com/company/stride-learning/,2024-11-20T09:54:43.42+00:00
13809230,Fullstack JavaScript Developer - Backend Emphasis,https://apply.workable.com/koda-health/j/1339F11AE8,United States,"$60,000 - $70,000","AWS, GraphQL, JavaScript, MongoDB, Node.js, React, TypeScript",full-time,Koda Health,https://www.kodahealthcare.com/,https://www.linkedin.com/company/kodahealth,2024-11-20T09:41:31.608+00:00
13439276,Technical Lead - Software Engineer,https://mckesson.wd3.myworkdayjobs.com/external_careers/job/USA-PA-Moon-Township/Technical-Lead--Software-Engineer--Remote-in-specific-locations-_JR0115897-1,United States,"$113,200 - $188,600","Angular, Azure, Java, Oracle, SQL, Go",full-time,McKesson,http://www.mckesson.com/,https://www.linkedin.com/company/McKesson,2024-11-20T09:38:01.935+00:00
13809211,Full-Stack WordPress Developer,https://careers.syndicode.com/jobs/5224787-full-stack-wordpress-developer,Worldwide,Not Specified,"Cloud, Docker, Google Cloud Platform, JavaScript, Laravel, PHP, React, SQL, Vue.js, Webpack, WordPress, Go",full-time,SYNDICODE,https://careers.syndicode.com/cookie-policy,https://www.linkedin.com/company/syndicode/mycompany/,2024-11-20T09:26:26.883+00:00
13809196,Senior Backend Software Engineer,https://jobs.lever.co/vidrovr/90c22f00-15f7-420a-997f-0f4aee324383,United States,"$190,000 - $230,000",Python,full-time,Vidrovr,https://www.vidrovr.com/,https://www.linkedin.com/company/vidrovr/,2024-11-20T09:18:11.105+00:00
13809191,Android Applications Developer,https://apply.workable.com/samsung-sds-america/j/F14FD7CD63,United States,Not Specified,"Android, Cloud, Java, Kotlin",full-time,SAMSUNG SDS,http://www.samsungsds.com/,https://www.linkedin.com/company/samsung-sds,2024-11-20T09:17:11.208+00:00
13809152,Threat Intelligence Engineering Lead - Tools,https://boards.greenhouse.io/sentinellabs/jobs/6275821003,United States,"$204,000 - $281,000","Cyber Security, DNS, Python, Go",full-time,SentinelOne,https://www.sentinelone.com/blog/,https://www.linkedin.com/company/sentinelone/,2024-11-20T09:10:21.491+00:00
13813554,Senior Consultant - Software Engineer,https://allstate.wd5.myworkdayjobs.com/allstate_careers/job/US---Remote/Software-Engineer-Senior-Consultant-I_R8411,United States,"$78,600 - $142,275","Java, Go",full-time,Allstate,https://www.allstatecorporation.com/,https://www.linkedin.com/company/allstate/,2024-11-20T09:06:47.652+00:00
13809146,ArcGIS Enterprise Patch Product Engineer II,https://boards.greenhouse.io/esri/jobs/4562832007,United States,"$74,984 - $128,544",,full-time,Esri,https://www.esri.com/en-us/about/about-esri,https://www.linkedin.com/company/esri,2024-11-20T09:06:19.348+00:00
13811319,Senior Software Engineer Consultant,https://allstate.wd5.myworkdayjobs.com/allstate_careers/job/USA---NC-Remote/Software-Engineer-Senior-Consultant-II_R8779,United States,"$85,600 - $130,300",Go,full-time,Allstate,https://www.allstatecorporation.com/,https://www.linkedin.com/company/allstate/,2024-11-20T08:59:28.631+00:00
13809073,Principal Software Engineer,https://boards.greenhouse.io/xometry/jobs/4564823007,United States,Not Specified,"AWS, Cloud, Docker, Kubernetes, Python, React, Rust, TypeScript",full-time,Xometry,https://www.xometry.com/,https://www.linkedin.com/company/xometry,2024-11-20T08:46:02.697+00:00
13811207,Mechanical Engineering Lead,https://vantagedc.wd1.myworkdayjobs.com/vantage/job/Remote---US/Mechanical-Engineering-Lead--NA_R16214,United States,"$175,000 - $190,000",Cloud,full-time,Vantage Data Centers,https://vantage-dc.com/,https://www.linkedin.com/company/vantage-data-centers,2024-11-20T08:29:19.072+00:00
7085317,Senior Software Engineer - Core,https://jobs.lever.co/pushpress/1bcee58b-21ba-4f0b-bdd4-f15049d9a6e6,United States,Not Specified,"JavaScript, MySQL, Node.js, Redis, TypeScript",full-time,PushPress ,http://www.pushpress.com/,https://www.linkedin.com/company/pushpress/,2024-11-20T08:11:54.606+00:00
13808959,Director of Engineering - Infrastructure,https://boards.greenhouse.io/invisibletech/jobs/4390901101,United States,"$230,000 - $315,000","Cloud, Distributed Systems, Kubernetes",full-time,Invisible Technologies Inc.,http://invisible.co/,https://www.linkedin.com/company/invisible-technologies-inc-,2024-11-20T08:06:27.317+00:00
13808951,Java Developer,https://apply.workable.com/work-at-greenfly/j/22EDE3F672,United States,"$140,000 - $170,000","Backbone, GraphQL, Java, Spring",full-time,Greenfly,https://www.greenfly.com/,https://www.linkedin.com/company/greenfly-inc-,2024-11-20T08:04:26.305+00:00
