Job ID,Job Title,Company Name,Company Logo,Posted Date,City,Region,Country,Remote,Short Location,Application URL
744000028910385,"Sr. Dir., People Technology Product",ServiceNow,https://c.smartrecruiters.com/sr-company-logo-prod-aws-dc5/5f6266c32112e54beb9e47fe/huge?r=s3-eu-central-1&_1644279754850,2024-11-27T23:29:25.808Z,Addison,Texas,us,true,"Addison, Texas",https://jobs.smartrecruiters.com/ServiceNow/744000028910385-sr-dir-people-technology-product
744000028893295,Regulatory Safety and Compliance Engineer,Savant,https://c.smartrecruiters.com/sr-company-logo-prod-aws-dc5/5fe3b48763abc74b2006538e/huge?r=s3-eu-central-1&_1611179593253,2024-11-27T19:58:48.763Z,Boston,MA,us,true,"Boston, MA",https://jobs.smartrecruiters.com/Savant1/744000028893295-regulatory-safety-and-compliance-engineer
744000028889445,"Digital Experience Monitoring - Solutions Engineer (Remote, United States)",Dynatrace,https://c.smartrecruiters.com/sr-company-logo-prod-aws-dc5/611d1a11ed81a044e1f97a8a/huge?r=s3-eu-central-1&_1632320849257,2024-11-27T19:21:40.162Z,Mountain View,CA,us,true,"Mountain View, CA",https://jobs.smartrecruiters.com/Dynatrace1/744000028889445-digital-experience-monitoring-solutions-engineer-remote-united-states-
744000028888930,Senior Staff Software Engineer,ServiceNow,https://c.smartrecruiters.com/sr-company-logo-prod-aws-dc5/5f6266c32112e54beb9e47fe/huge?r=s3-eu-central-1&_1644279754850,2024-11-27T19:20:14.192Z,Kirkland,Washington,us,true,"Kirkland, Washington",https://jobs.smartrecruiters.com/ServiceNow/744000028888930-senior-staff-software-engineer
744000028884610,Solutions Engineer - Strategic Accounts (Remote - Pacific Northwest/Bay Area),Dynatrace,https://c.smartrecruiters.com/sr-company-logo-prod-aws-dc5/611d1a11ed81a044e1f97a8a/huge?r=s3-eu-central-1&_1632320849257,2024-11-27T18:48:35.945Z,Seattle,WA,us,true,"Seattle, WA",https://jobs.smartrecruiters.com/Dynatrace1/744000028884610-solutions-engineer-strategic-accounts-remote-pacific-northwest-bay-area-
744000028883455,Principal Microservices Architect,ServiceNow,https://c.smartrecruiters.com/sr-company-logo-prod-aws-dc5/5f6266c32112e54beb9e47fe/huge?r=s3-eu-central-1&_1644279754850,2024-11-27T18:37:59.422Z,Atlanta,Georgia,us,true,"Atlanta, Georgia",https://jobs.smartrecruiters.com/ServiceNow/744000028883455-principal-microservices-architect
744000028878585,Solutions Engineer (Remote - Pennsylvania/New York),Dynatrace,https://c.smartrecruiters.com/sr-company-logo-prod-aws-dc5/611d1a11ed81a044e1f97a8a/huge?r=s3-eu-central-1&_1632320849257,2024-11-27T18:00:50.012Z,New York,NY,us,true,"New York, NY",https://jobs.smartrecruiters.com/Dynatrace1/744000028878585-solutions-engineer-remote-pennsylvania-new-york-
744000028877913,Solutions Engineer - Strategic Accounts (Remote - Minneapolis),Dynatrace,https://c.smartrecruiters.com/sr-company-logo-prod-aws-dc5/611d1a11ed81a044e1f97a8a/huge?r=s3-eu-central-1&_1632320849257,2024-11-27T17:58:41.788Z,Minneapolis,MN,us,true,"Minneapolis, MN",https://jobs.smartrecruiters.com/Dynatrace1/744000028877913-solutions-engineer-strategic-accounts-remote-minneapolis-
744000028877140,"Solutions Engineer - Strategic Accounts (Remote - Atlanta, Tampa, or Nashville)",Dynatrace,https://c.smartrecruiters.com/sr-company-logo-prod-aws-dc5/611d1a11ed81a044e1f97a8a/huge?r=s3-eu-central-1&_1632320849257,2024-11-27T17:56:36.740Z,Nashville,TN,us,true,"Nashville, TN",https://jobs.smartrecruiters.com/Dynatrace1/744000028877140-solutions-engineer-strategic-accounts-remote-atlanta-tampa-or-nashville-
744000028877270,Solutions Engineer (Remote - Minneapolis/Chicago),Dynatrace,https://c.smartrecruiters.com/sr-company-logo-prod-aws-dc5/611d1a11ed81a044e1f97a8a/huge?r=s3-eu-central-1&_1632320849257,2024-11-27T17:54:33.489Z,Chicago,IL,us,true,"Chicago, IL",https://jobs.smartrecruiters.com/Dynatrace1/744000028877270-solutions-engineer-remote-minneapolis-chicago-
744000028869480,Senior Automated QA Engineer – Remote,"Goldstone Partners, Inc.",https://c.smartrecruiters.com/sr-company-logo-prod-aws-dc5/5135d65ce4b0b42dcb45702e/huge?r=s3-eu-central-1&_1458234071908,2024-11-27T17:16:54.105Z,Victor,ID,us,true,"Victor, ID",https://jobs.smartrecruiters.com/goldstonepartners/744000028869480-senior-automated-qa-engineer-remote
744000028861591,"Key Account Manager, Equipment and Service Agreement Sales",Smith's Group,https://c.smartrecruiters.com/sr-company-logo-prod-aws-dc5/664b407f823b1070adb43f19/huge?r=s3-eu-central-1&_1729544566409,2024-11-27T16:47:24.789Z,Edgewood,MD,us,true,"Edgewood, MD",https://jobs.smartrecruiters.com/SmithsGroup2/744000028861591-key-account-manager-equipment-and-service-agreement-sales
744000028861997,New Product Development Engineer Intern (Summer 2025),ITW,https://c.smartrecruiters.com/sr-company-logo-prod-aws-dc5/5ed95264dda0a665482c07cc/huge?r=s3-eu-central-1&_1667004891536,2024-11-27T16:36:09.866Z,Elk Grove Village,IL,us,true,"Elk Grove Village, IL",https://jobs.smartrecruiters.com/ITW/744000028861997-new-product-development-engineer-intern-summer-2025-
744000028839033,Field Engineer (Travel/Remote),Eurofins,https://c.smartrecruiters.com/sr-company-logo-prod-aws-dc5/59a68830e4b02f57443071f7/huge?r=s3-eu-central-1&_1616915876115,2024-11-27T14:59:57.988Z,San Francisco,CA,us,true,"San Francisco, CA",https://jobs.smartrecruiters.com/Eurofins/744000028839033-field-engineer-travel-remote-
744000028839055,Field Engineer (Travel/Remote),Eurofins,https://c.smartrecruiters.com/sr-company-logo-prod-aws-dc5/59a68830e4b02f57443071f7/huge?r=s3-eu-central-1&_1616915876115,2024-11-27T14:58:38.178Z,San Diego,CA,us,true,"San Diego, CA",https://jobs.smartrecruiters.com/Eurofins/744000028839055-field-engineer-travel-remote-
744000028831465,"Principal Engineer, Engineering Productivity",Palo Alto Networks,https://c.smartrecruiters.com/sr-company-logo-prod-aws-dc5/5f0bfc5b150d9a317eac65ea/huge?r=s3-eu-central-1&_1635356541489,2024-11-27T14:16:19.621Z,Santa Clara,CA,us,true,"Santa Clara, CA",https://jobs.smartrecruiters.com/PaloAltoNetworks2/744000028831465-principal-engineer-engineering-productivity
744000028738373,Civil Engineering Internship - Rail Public Projects,Olsson,https://c.smartrecruiters.com/sr-company-logo-prod-aws-dc5/595e918ee4b01cec2a884410/huge?r=s3-eu-central-1&_1674750565520,2024-11-27T02:13:45.815Z,Irvine,CA,us,true,"Irvine, CA",https://jobs.smartrecruiters.com/Olsson/744000028738373-civil-engineering-internship-rail-public-projects
744000028738436,Entry-Level Engineer - Rail Public Projects (Hybrid),Olsson,https://c.smartrecruiters.com/sr-company-logo-prod-aws-dc5/595e918ee4b01cec2a884410/huge?r=s3-eu-central-1&_1674750565520,2024-11-27T02:13:14.617Z,Irvine,CA,us,true,"Irvine, CA",https://jobs.smartrecruiters.com/Olsson/744000028738436-entry-level-engineer-rail-public-projects-hybrid-
744000028738006,Civil Engineering Internship - Rail Public Projects,Olsson,https://c.smartrecruiters.com/sr-company-logo-prod-aws-dc5/595e918ee4b01cec2a884410/huge?r=s3-eu-central-1&_1674750565520,2024-11-27T02:07:44.814Z,Omaha,NE,us,true,"Omaha, NE",https://jobs.smartrecruiters.com/Olsson/744000028738006-civil-engineering-internship-rail-public-projects
744000028738035,Entry-Level Engineer - Rail Public Projects,Olsson,https://c.smartrecruiters.com/sr-company-logo-prod-aws-dc5/595e918ee4b01cec2a884410/huge?r=s3-eu-central-1&_1674750565520,2024-11-27T02:06:24.838Z,Omaha,NE,us,true,"Omaha, NE",https://jobs.smartrecruiters.com/Olsson/744000028738035-entry-level-engineer-rail-public-projects
744000028737965,Entry-Level Engineer - Rail Public Projects,Olsson,https://c.smartrecruiters.com/sr-company-logo-prod-aws-dc5/595e918ee4b01cec2a884410/huge?r=s3-eu-central-1&_1674750565520,2024-11-27T02:06:06.656Z,Denver,CO,us,true,"Denver, CO",https://jobs.smartrecruiters.com/Olsson/744000028737965-entry-level-engineer-rail-public-projects
744000028737513,Entry-Level Engineer - Rail Public Projects,Olsson,https://c.smartrecruiters.com/sr-company-logo-prod-aws-dc5/595e918ee4b01cec2a884410/huge?r=s3-eu-central-1&_1674750565520,2024-11-27T02:05:50.254Z,Salt Lake City,UT,us,true,"Salt Lake City, UT",https://jobs.smartrecruiters.com/Olsson/744000028737513-entry-level-engineer-rail-public-projects
744000028729095,Project Engineer - Rail Traffic & Public Projects (Remote),Olsson,https://c.smartrecruiters.com/sr-company-logo-prod-aws-dc5/595e918ee4b01cec2a884410/huge?r=s3-eu-central-1&_1674750565520,2024-11-27T00:48:14.583Z,Denver,CO,us,true,"Denver, CO",https://jobs.smartrecruiters.com/Olsson/744000028729095-project-engineer-rail-traffic-public-projects-remote-
744000028729045,Project Engineer - Rail Traffic & Public Projects (Remote),Olsson,https://c.smartrecruiters.com/sr-company-logo-prod-aws-dc5/595e918ee4b01cec2a884410/huge?r=s3-eu-central-1&_1674750565520,2024-11-27T00:47:58.928Z,Phoenix,AZ,us,true,"Phoenix, AZ",https://jobs.smartrecruiters.com/Olsson/744000028729045-project-engineer-rail-traffic-public-projects-remote-
744000028727261,Project Engineer - Rail Traffic & Public Projects (Remote),Olsson,https://c.smartrecruiters.com/sr-company-logo-prod-aws-dc5/595e918ee4b01cec2a884410/huge?r=s3-eu-central-1&_1674750565520,2024-11-27T00:47:42.379Z,Salt Lake City,UT,us,true,"Salt Lake City, UT",https://jobs.smartrecruiters.com/Olsson/744000028727261-project-engineer-rail-traffic-public-projects-remote-
744000028727957,Project Engineer - Rail Traffic & Public Projects (Remote),Olsson,https://c.smartrecruiters.com/sr-company-logo-prod-aws-dc5/595e918ee4b01cec2a884410/huge?r=s3-eu-central-1&_1674750565520,2024-11-27T00:47:20.051Z,Irvine,CA,us,true,"Irvine, CA",https://jobs.smartrecruiters.com/Olsson/744000028727957-project-engineer-rail-traffic-public-projects-remote-
744000028719490,Talent Acquisition Partner - NA,Smith's Group,https://c.smartrecruiters.com/sr-company-logo-prod-aws-dc5/664b407f823b1070adb43f19/huge?r=s3-eu-central-1&_1729544566409,2024-11-26T23:23:54.511Z,Pasadena,TX,us,true,"Pasadena, TX",https://jobs.smartrecruiters.com/SmithsGroup2/744000028719490-talent-acquisition-partner-na
744000028714453,Senior Staff Outbound Product Manager-Customer Service AI,ServiceNow,https://c.smartrecruiters.com/sr-company-logo-prod-aws-dc5/5f6266c32112e54beb9e47fe/huge?r=s3-eu-central-1&_1644279754850,2024-11-26T22:41:22.244Z,Santa Clara,California,us,true,"Santa Clara, California",https://jobs.smartrecruiters.com/ServiceNow/744000028714453-senior-staff-outbound-product-manager-customer-service-ai
744000028893495,GIS Application Developer - ArcGIS / SDK,AECOM,https://c.smartrecruiters.com/sr-company-logo-prod-aws-dc5/62fac73f75346b44f7c93533/huge?r=s3-eu-central-1&_1664467375087,2024-11-27T20:02:24.855Z,Germantown,MD,us,true,"Germantown, MD",https://jobs.smartrecruiters.com/AECOM2/744000028893495-gis-application-developer-arcgis-sdk
744000028883255,US Field Strategist - EDU,Palo Alto Networks,https://c.smartrecruiters.com/sr-company-logo-prod-aws-dc5/5f0bfc5b150d9a317eac65ea/huge?r=s3-eu-central-1&_1635356541489,2024-11-27T18:35:24.230Z,Baltimore,Maryland,us,true,"Baltimore, Maryland",https://jobs.smartrecruiters.com/PaloAltoNetworks2/744000028883255-us-field-strategist-edu
744000028882949,US Field Strategist - EDU,Palo Alto Networks,https://c.smartrecruiters.com/sr-company-logo-prod-aws-dc5/5f0bfc5b150d9a317eac65ea/huge?r=s3-eu-central-1&_1635356541489,2024-11-27T18:34:55.367Z,Charlotte,North Carolina,us,true,"Charlotte, North Carolina",https://jobs.smartrecruiters.com/PaloAltoNetworks2/744000028882949-us-field-strategist-edu
744000028882600,US Field Strategist - EDU,Palo Alto Networks,https://c.smartrecruiters.com/sr-company-logo-prod-aws-dc5/5f0bfc5b150d9a317eac65ea/huge?r=s3-eu-central-1&_1635356541489,2024-11-27T18:34:11.177Z,Chicago,IL,us,true,"Chicago, IL",https://jobs.smartrecruiters.com/PaloAltoNetworks2/744000028882600-us-field-strategist-edu
744000028882975,US Field Strategist - EDU,Palo Alto Networks,https://c.smartrecruiters.com/sr-company-logo-prod-aws-dc5/5f0bfc5b150d9a317eac65ea/huge?r=s3-eu-central-1&_1635356541489,2024-11-27T18:33:44.342Z,New York City,NY,us,true,"New York City, NY",https://jobs.smartrecruiters.com/PaloAltoNetworks2/744000028882975-us-field-strategist-edu
744000028882935,US Field Strategist - EDU,Palo Alto Networks,https://c.smartrecruiters.com/sr-company-logo-prod-aws-dc5/5f0bfc5b150d9a317eac65ea/huge?r=s3-eu-central-1&_1635356541489,2024-11-27T18:33:07.939Z,Plano,TX,us,true,"Plano, TX",https://jobs.smartrecruiters.com/PaloAltoNetworks2/744000028882935-us-field-strategist-edu
744000028882036,US Field Strategist - EDU,Palo Alto Networks,https://c.smartrecruiters.com/sr-company-logo-prod-aws-dc5/5f0bfc5b150d9a317eac65ea/huge?r=s3-eu-central-1&_1635356541489,2024-11-27T18:31:31.941Z,Reston,VA,us,true,"Reston, VA",https://jobs.smartrecruiters.com/PaloAltoNetworks2/744000028882036-us-field-strategist-edu
744000028871445,Full Stack Software Developer – Remote Colorado,"Goldstone Partners, Inc.",https://c.smartrecruiters.com/sr-company-logo-prod-aws-dc5/5135d65ce4b0b42dcb45702e/huge?r=s3-eu-central-1&_1458234071908,2024-11-27T17:16:08.492Z,Denver,CO,us,true,"Denver, CO",https://jobs.smartrecruiters.com/goldstonepartners/744000028871445-full-stack-software-developer-remote-colorado
744000028866470,Senior MS SharePoint Consultant and Developer - Bilingual preferred (Korean/English),"Woongjin, Inc",https://c.smartrecruiters.com/sr-company-logo-prod-aws-dc5/54299c83e4b0e580621b7b0d/huge?r=s3-eu-central-1&_1491420050892,2024-11-27T16:51:27.020Z,Jersey City,NJ,us,true,"Jersey City, NJ",https://jobs.smartrecruiters.com/WJCompany/744000028866470-senior-ms-sharepoint-consultant-and-developer-bilingual-preferred-korean-english-
744000028865875,SAP ABAP Developer (Especially HR module),"Woongjin, Inc",https://c.smartrecruiters.com/sr-company-logo-prod-aws-dc5/54299c83e4b0e580621b7b0d/huge?r=s3-eu-central-1&_1491420050892,2024-11-27T16:50:22.477Z,Savannah,GA,us,true,"Savannah, GA",https://jobs.smartrecruiters.com/WJCompany/744000028865875-sap-abap-developer-especially-hr-module-
744000028861816,Salesforce Developer - Bilingual (Korean/English),"Woongjin, Inc",https://c.smartrecruiters.com/sr-company-logo-prod-aws-dc5/54299c83e4b0e580621b7b0d/huge?r=s3-eu-central-1&_1491420050892,2024-11-27T16:50:20.109Z,Fountain Valley,CA,us,true,"Fountain Valley, CA",https://jobs.smartrecruiters.com/WJCompany/744000028861816-salesforce-developer-bilingual-korean-english-
744000028660656,Senior Application Developer,"Integres, LLC",https://c.smartrecruiters.com/sr-company-logo-prod-aws-dc5/5c4b6cd252faff00066260e4/huge?r=s3-eu-central-1&_1548608787939,2024-11-26T16:41:45.162Z,Pikesville,MD,us,true,"Pikesville, MD",https://jobs.smartrecruiters.com/IntegresLLC/744000028660656-senior-application-developer
744000028504899,"Manager, Institutional Funding and Partnerships",Oxfam America,https://c.smartrecruiters.com/sr-company-logo-prod-aws-dc5/5fe38b6363154e3c5cf465ea/huge?r=s3-eu-central-1&_1672871236881,2024-11-26T01:16:09.563Z,Boston,MA,us,true,"Boston, MA",https://jobs.smartrecruiters.com/OxfamAmerica2/744000028504899-manager-institutional-funding-and-partnerships
744000028480395,Principal Product Development (Product Line Manager) #REF2542B (remote),Elbit Systems of America,https://c.smartrecruiters.com/sr-company-logo-prod-aws-dc5/60ad3fa84a41b64c9ef57f45/huge?r=s3-eu-central-1&_1622741720247,2024-11-25T21:20:07.372Z,Washington,DC,us,true,"Washington, DC",https://jobs.smartrecruiters.com/ElbitSystemsOfAmerica/744000028480395-principal-product-development-product-line-manager-ref2542b-remote-
744000028479025,Principal Product Development (Product Line Manager) #REF2542B (remote),Elbit Systems of America,https://c.smartrecruiters.com/sr-company-logo-prod-aws-dc5/60ad3fa84a41b64c9ef57f45/huge?r=s3-eu-central-1&_1622741720247,2024-11-25T21:11:45.511Z,Talladega,AL,us,true,"Talladega, AL",https://jobs.smartrecruiters.com/ElbitSystemsOfAmerica/744000028479025-principal-product-development-product-line-manager-ref2542b-remote-
744000028477048,Principal Product Development (Product Line Manager) #REF2542B (remote),Elbit Systems of America,https://c.smartrecruiters.com/sr-company-logo-prod-aws-dc5/60ad3fa84a41b64c9ef57f45/huge?r=s3-eu-central-1&_1622741720247,2024-11-25T21:03:17.044Z,Fort Worth,TX,us,true,"Fort Worth, TX",https://jobs.smartrecruiters.com/ElbitSystemsOfAmerica/744000028477048-principal-product-development-product-line-manager-ref2542b-remote-
744000028477145,Principal Product Development (Product Line Manager) #REF2542B (remote),Elbit Systems of America,https://c.smartrecruiters.com/sr-company-logo-prod-aws-dc5/60ad3fa84a41b64c9ef57f45/huge?r=s3-eu-central-1&_1622741720247,2024-11-25T20:58:55.775Z,Fort Belvoir,VA,us,true,"Fort Belvoir, VA",https://jobs.smartrecruiters.com/ElbitSystemsOfAmerica/744000028477145-principal-product-development-product-line-manager-ref2542b-remote-
744000028475036,Principal Product Development (Product Line Manager) #REF2542B (remote),Elbit Systems of America,https://c.smartrecruiters.com/sr-company-logo-prod-aws-dc5/60ad3fa84a41b64c9ef57f45/huge?r=s3-eu-central-1&_1622741720247,2024-11-25T20:52:04.836Z,Patuxent River,MD,us,true,"Patuxent River, MD",https://jobs.smartrecruiters.com/ElbitSystemsOfAmerica/744000028475036-principal-product-development-product-line-manager-ref2542b-remote-
744000028473407,Principal Product Development (Product Line Manager) #REF2542B (remote),Elbit Systems of America,https://c.smartrecruiters.com/sr-company-logo-prod-aws-dc5/60ad3fa84a41b64c9ef57f45/huge?r=s3-eu-central-1&_1622741720247,2024-11-25T20:40:33.403Z,Roanoke,VA,us,true,"Roanoke, VA",https://jobs.smartrecruiters.com/ElbitSystemsOfAmerica/744000028473407-principal-product-development-product-line-manager-ref2542b-remote-
744000028474144,Principal Product Development (Product Line Manager) #REF2542B (remote),Elbit Systems of America,https://c.smartrecruiters.com/sr-company-logo-prod-aws-dc5/60ad3fa84a41b64c9ef57f45/huge?r=s3-eu-central-1&_1622741720247,2024-11-25T20:37:23.635Z,Tampa,FL,us,true,"Tampa, FL",https://jobs.smartrecruiters.com/ElbitSystemsOfAmerica/744000028474144-principal-product-development-product-line-manager-ref2542b-remote-
744000028473625,Principal Product Development (Product Line Manager) #REF2542B (remote),Elbit Systems of America,https://c.smartrecruiters.com/sr-company-logo-prod-aws-dc5/60ad3fa84a41b64c9ef57f45/huge?r=s3-eu-central-1&_1622741720247,2024-11-25T20:34:43.286Z,Rochester,NY,us,true,"Rochester, NY",https://jobs.smartrecruiters.com/ElbitSystemsOfAmerica/744000028473625-principal-product-development-product-line-manager-ref2542b-remote-
744000028429743,Learning Consultant,Insights Learning & Development Ltd,https://c.smartrecruiters.com/sr-company-logo-prod-aws-dc5/659ff9e91b2c613afcc1bd50/huge?r=s3-eu-central-1&_1709560045027,2024-11-25T16:35:11.168Z,US,.,us,true,"US, .",https://jobs.smartrecruiters.com/InsightsLearningDevelopmentLtd/744000028429743-learning-consultant
744000028423557,Admissions Counselor,Equus,https://c.smartrecruiters.com/sr-company-logo-prod-aws-dc5/654cc8292a4df41a3bea7a95/huge?r=s3-eu-central-1&_1700588325781,2024-11-25T16:09:44.669Z,Cleveland,OH,us,true,"Cleveland, OH",https://jobs.smartrecruiters.com/Equus/744000028423557-admissions-counselor
744000028385545,Azure Logic Apps Developer - US Based - 100% Remote,"CoEnterprise, LLC",https://c.smartrecruiters.com/sr-company-logo-prod-aws-dc5/538cdca5e4b07ecab31f8a0e/huge?r=s3-eu-central-1&_1588937847083,2024-11-25T13:43:16.305Z,Remote,REMOTE,us,true,"Remote, REMOTE",https://jobs.smartrecruiters.com/CoEnterpriseLLC/744000028385545-azure-logic-apps-developer-us-based-100-remote
744000028154735,RPO Sales/Solutions Executive,Allegis Global Solutions,https://c.smartrecruiters.com/sr-company-logo-prod-aws-dc5/5ba444aae4b057d4940ec504/huge?r=s3-eu-central-1&_1540093854726,2024-11-22T21:54:13.188Z,Remote,REMOTE,us,true,"Remote, REMOTE",https://jobs.smartrecruiters.com/AllegisGlobalSolutions/744000028154735-rpo-sales-solutions-executive
744000028132565,Casual Opioid Abatement Strategies Effectiveness Evaluation (OASEE) Community Ambassador,Education Development Center,https://c.smartrecruiters.com/sr-company-logo-prod-aws-dc5/54de0fbfe4b006f11dbdc026/huge?r=s3-eu-central-1&_1599709970214,2024-11-22T19:14:05.992Z,Chicago,IL,us,true,"Chicago, IL",https://jobs.smartrecruiters.com/EducationDevelopmentCenter/744000028132565-casual-opioid-abatement-strategies-effectiveness-evaluation-oasee-community-ambassador
744000028079835,"Senior Auditor, Certification Audits (ISO 9001/ISO 14001/ISO 45001 standards)",SGS,https://c.smartrecruiters.com/sr-company-logo-prod-aws-dc5/5d946e0d08c63e194f3a018e/huge?r=s3-eu-central-1&_1570091188190,2024-11-22T14:50:04.241Z,Remote,REMOTE,us,true,"Remote, REMOTE",https://jobs.smartrecruiters.com/SGS/744000028079835-senior-auditor-certification-audits-iso-9001-iso-14001-iso-45001-standards-
744000028071356,"Director, Issuer Sales Specialist  -  Midwest",Visa,https://c.smartrecruiters.com/sr-company-logo-prod-aws-dc5/57a11f9de4b09d766b5b5dd6/huge?r=s3-eu-central-1&_1643423250683,2024-11-22T14:13:11.635Z,Ashburn,VA,us,true,"Ashburn, VA",https://jobs.smartrecruiters.com/Visa/744000028071356-director-issuer-sales-specialist-midwest
744000027987935,BigCommerce Developer/Lead/Architect (Remote),McFadyen Digital,https://c.smartrecruiters.com/sr-company-logo-prod-aws-dc5/54a0bc92e4b09e381623fcd8/huge?r=s3-eu-central-1&_1642528983324,2024-11-22T04:04:13.910Z,Vienna,VA,us,true,"Vienna, VA",https://jobs.smartrecruiters.com/McFadyenDigital/744000027987935-bigcommerce-developer-lead-architect-remote-
744000028909504,Software Engineer Mid-level/Senior,Arista Networks,https://c.smartrecruiters.com/sr-company-logo-prod-aws-dc5/589d9593e4b0ff46f8f08a64/huge?r=s3-eu-central-1&_1486722522187,2024-11-27T23:27:14.076Z,Poland-Remote,,pl,true,"Poland-Remote, Poland",https://jobs.smartrecruiters.com/AristaNetworks/744000028909504-software-engineer-mid-level-senior
744000028908835,Interns/Graduate Software Engineers,Arista Networks,https://c.smartrecruiters.com/sr-company-logo-prod-aws-dc5/589d9593e4b0ff46f8f08a64/huge?r=s3-eu-central-1&_1486722522187,2024-11-27T23:16:28.566Z,Poland - Remote,,pl,true,"Poland - Remote, Poland",https://jobs.smartrecruiters.com/AristaNetworks/744000028908835-interns-graduate-software-engineers
744000028908165,Upgrade Engineer,Experian,https://c.smartrecruiters.com/sr-company-logo-prod-aws-dc5/60ba05cb489c9170b8048619/huge?r=s3-eu-central-1&_1682610193841,2024-11-27T22:51:33.085Z,Heredia,Heredia,cr,true,"Heredia, Costa Rica",https://jobs.smartrecruiters.com/Experian/744000028908165-upgrade-engineer
744000028877765,Service Projects Engineer - Systems Integration,Smith's Group,https://c.smartrecruiters.com/sr-company-logo-prod-aws-dc5/664b407f823b1070adb43f19/huge?r=s3-eu-central-1&_1729544566409,2024-11-27T17:56:39.910Z,Hemel Hempstead,England,gb,true,"Hemel Hempstead, United Kingdom",https://jobs.smartrecruiters.com/SmithsGroup2/744000028877765-service-projects-engineer-systems-integration
744000028877231,Service Projects Engineer - Systems Integration,Smith's Group,https://c.smartrecruiters.com/sr-company-logo-prod-aws-dc5/664b407f823b1070adb43f19/huge?r=s3-eu-central-1&_1729544566409,2024-11-27T17:55:43.601Z,Hemel Hempstead,,gb,true,"Hemel Hempstead, United Kingdom",https://jobs.smartrecruiters.com/SmithsGroup2/744000028877231-service-projects-engineer-systems-integration
744000028876585,Field Service Engineer - Level 3 - South West Region,Smith's Group,https://c.smartrecruiters.com/sr-company-logo-prod-aws-dc5/664b407f823b1070adb43f19/huge?r=s3-eu-central-1&_1729544566409,2024-11-27T17:50:29.545Z,Bristol,,gb,true,"Bristol, United Kingdom",https://jobs.smartrecruiters.com/SmithsGroup2/744000028876585-field-service-engineer-level-3-south-west-region
744000028867621,Senior Android Engineer,Delivery Hero,https://c.smartrecruiters.com/sr-company-logo-prod-aws-dc5/655ce67f93844e677d97f28e/huge?r=s3-eu-central-1&_1701877760444,2024-11-27T17:19:53.341Z,Neo Irakleio,,gr,true,"Neo Irakleio, Greece",https://jobs.smartrecruiters.com/DeliveryHero/744000028867621-senior-android-engineer
744000028852915,Material Cost Book Coordinator,ALTEN,https://c.smartrecruiters.com/sr-company-logo-prod-aws-dc5/61d557936f3faf160ddc0a88/huge?r=s3-eu-central-1&_1654076992922,2024-11-27T15:55:28.489Z,Rabat,Rabat-Salé-Kénitra,ma,true,"Rabat, Morocco",https://jobs.smartrecruiters.com/ALTEN/744000028852915-material-cost-book-coordinator
744000028850366,Freelance Software Test Engineers – 4G/5G Network project - Remote,Resillion,https://c.smartrecruiters.com/sr-company-logo-prod-aws-dc5/6470db6155b4ba07f00a3abe/huge?r=s3-eu-central-1&_1686584057016,2024-11-27T15:49:47.279Z,Athens,,gr,true,"Athens, Greece",https://jobs.smartrecruiters.com/Resillion/744000028850366-freelance-software-test-engineers-4g-5g-network-project-remote
744000028850970,Freelance Software Test Engineers – 4G/5G Network project - Remote,Resillion,https://c.smartrecruiters.com/sr-company-logo-prod-aws-dc5/6470db6155b4ba07f00a3abe/huge?r=s3-eu-central-1&_1686584057016,2024-11-27T15:49:27.119Z,Rome,Lazio,it,true,"Rome, Italy",https://jobs.smartrecruiters.com/Resillion/744000028850970-freelance-software-test-engineers-4g-5g-network-project-remote
744000028846841,Freelance Software Test Engineers – 4G/5G Network project - Remote,Resillion,https://c.smartrecruiters.com/sr-company-logo-prod-aws-dc5/6470db6155b4ba07f00a3abe/huge?r=s3-eu-central-1&_1686584057016,2024-11-27T15:48:47.000Z,Oslo,Oslo,no,true,"Oslo, Norway",https://jobs.smartrecruiters.com/Resillion/744000028846841-freelance-software-test-engineers-4g-5g-network-project-remote
744000028850935,Freelance Software Test Engineers – 4G/5G Network project - Remote,Resillion,https://c.smartrecruiters.com/sr-company-logo-prod-aws-dc5/6470db6155b4ba07f00a3abe/huge?r=s3-eu-central-1&_1686584057016,2024-11-27T15:48:25.127Z,Copenhagen,,dk,true,"Copenhagen, Denmark",https://jobs.smartrecruiters.com/Resillion/744000028850935-freelance-software-test-engineers-4g-5g-network-project-remote
744000028849660,Freelance Software Test Engineers – 4G/5G Network project - Remote,Resillion,https://c.smartrecruiters.com/sr-company-logo-prod-aws-dc5/6470db6155b4ba07f00a3abe/huge?r=s3-eu-central-1&_1686584057016,2024-11-27T15:48:11.848Z,Milan,Lombardy,it,true,"Milan, Italy",https://jobs.smartrecruiters.com/Resillion/744000028849660-freelance-software-test-engineers-4g-5g-network-project-remote
744000028850617,Freelance Software Test Engineers – 4G/5G Network project - Remote,Resillion,https://c.smartrecruiters.com/sr-company-logo-prod-aws-dc5/6470db6155b4ba07f00a3abe/huge?r=s3-eu-central-1&_1686584057016,2024-11-27T15:47:54.913Z,Stockholm,Stockholm County,se,true,"Stockholm, Sweden",https://jobs.smartrecruiters.com/Resillion/744000028850617-freelance-software-test-engineers-4g-5g-network-project-remote
744000028846780,Cost coordinator,ALTEN,https://c.smartrecruiters.com/sr-company-logo-prod-aws-dc5/61d557936f3faf160ddc0a88/huge?r=s3-eu-central-1&_1654076992922,2024-11-27T15:38:27.528Z,Rabat,Rabat-Salé-Kénitra,ma,true,"Rabat, Morocco",https://jobs.smartrecruiters.com/ALTEN/744000028846780-cost-coordinator
744000028843266,Senior DevOps Engineer (GCP),Eurofins,https://c.smartrecruiters.com/sr-company-logo-prod-aws-dc5/59a68830e4b02f57443071f7/huge?r=s3-eu-central-1&_1616915876115,2024-11-27T15:18:00.392Z,Barcelona,CT,es,true,"Barcelona, Spain",https://jobs.smartrecruiters.com/Eurofins/744000028843266-senior-devops-engineer-gcp-
744000028838846,"Field Service Engineer, France*",Tomra,https://c.smartrecruiters.com/sr-company-logo-prod-aws-dc5/60ed8ac0b2049e386631da9a/huge?r=s3-eu-central-1&_1632498225728,2024-11-27T15:06:07.071Z,Paris,,fr,true,"Paris, France",https://jobs.smartrecruiters.com/Tomra/744000028838846-field-service-engineer-france-
744000028840555,"Ingénieur(e) de Service terrain, France*",Tomra,https://c.smartrecruiters.com/sr-company-logo-prod-aws-dc5/60ed8ac0b2049e386631da9a/huge?r=s3-eu-central-1&_1632498225728,2024-11-27T15:04:12.034Z,Angers,,fr,true,"Angers, France",https://jobs.smartrecruiters.com/Tomra/744000028840555-ingenieur-e-de-service-terrain-france-
744000028838596,Senior Backend Software Engineer– Video Platform  (All Genders),Dailymotion,https://c.smartrecruiters.com/sr-company-logo-prod-aws-dc5/588b7081e4b0215f3c736b13/huge?r=s3-eu-central-1&_1685022155722,2024-11-27T14:59:06.415Z,Paris,IDF,fr,true,"Paris, France",https://jobs.smartrecruiters.com/Dailymotion/744000028838596-senior-backend-software-engineer-video-platform-all-genders-
744000028838895,"Ingénieur(e) de Service terrain, France*",Tomra,https://c.smartrecruiters.com/sr-company-logo-prod-aws-dc5/60ed8ac0b2049e386631da9a/huge?r=s3-eu-central-1&_1632498225728,2024-11-27T14:57:48.350Z,Paris,,fr,true,"Paris, France",https://jobs.smartrecruiters.com/Tomra/744000028838895-ingenieur-e-de-service-terrain-france-
744000028837130,"Ingénieur(e) de Service terrain, France*",Tomra,https://c.smartrecruiters.com/sr-company-logo-prod-aws-dc5/60ed8ac0b2049e386631da9a/huge?r=s3-eu-central-1&_1632498225728,2024-11-27T14:57:15.407Z,Rennes,,fr,true,"Rennes, France",https://jobs.smartrecruiters.com/Tomra/744000028837130-ingenieur-e-de-service-terrain-france-
744000028838051,"Ingénieur(e) de Service terrain, France*",Tomra,https://c.smartrecruiters.com/sr-company-logo-prod-aws-dc5/60ed8ac0b2049e386631da9a/huge?r=s3-eu-central-1&_1632498225728,2024-11-27T14:55:25.529Z,Brest,,fr,true,"Brest, France",https://jobs.smartrecruiters.com/Tomra/744000028838051-ingenieur-e-de-service-terrain-france-
744000028834378,Stage - Ingénieur études et développement DevOps - CTM - Toulouse,Sopra Steria,https://c.smartrecruiters.com/sr-company-logo-prod-aws-dc5/632c507639e3dd74ff8fe1ad/huge?r=s3-eu-central-1&_1679494463342,2024-11-27T14:49:28.027Z,Colomiers,Occitanie,fr,true,"Colomiers, France",https://jobs.smartrecruiters.com/SopraSteria1/744000028834378-stage-ingenieur-etudes-et-developpement-devops-ctm-toulouse
744000028837355,Senior DevOps Engineer (GCP),Eurofins,https://c.smartrecruiters.com/sr-company-logo-prod-aws-dc5/59a68830e4b02f57443071f7/huge?r=s3-eu-central-1&_1616915876115,2024-11-27T14:46:04.783Z,Toledo,CM,es,true,"Toledo, Spain",https://jobs.smartrecruiters.com/Eurofins/744000028837355-senior-devops-engineer-gcp-
744000028836360,Senior DevOps Engineer (GCP),Eurofins,https://c.smartrecruiters.com/sr-company-logo-prod-aws-dc5/59a68830e4b02f57443071f7/huge?r=s3-eu-central-1&_1616915876115,2024-11-27T14:45:23.159Z,Donostia-San Sebastian,PV,es,true,"Donostia-San Sebastian, Spain",https://jobs.smartrecruiters.com/Eurofins/744000028836360-senior-devops-engineer-gcp-
744000028832496,Senior DevOps Engineer (GCP),Eurofins,https://c.smartrecruiters.com/sr-company-logo-prod-aws-dc5/59a68830e4b02f57443071f7/huge?r=s3-eu-central-1&_1616915876115,2024-11-27T14:44:32.541Z,Bilbao,PV,es,true,"Bilbao, Spain",https://jobs.smartrecruiters.com/Eurofins/744000028832496-senior-devops-engineer-gcp-
744000028836416,Senior DevOps Engineer (GCP),Eurofins,https://c.smartrecruiters.com/sr-company-logo-prod-aws-dc5/59a68830e4b02f57443071f7/huge?r=s3-eu-central-1&_1616915876115,2024-11-27T14:43:49.185Z,Seville,AN,es,true,"Seville, Spain",https://jobs.smartrecruiters.com/Eurofins/744000028836416-senior-devops-engineer-gcp-
744000028834752,Senior DevOps Engineer (GCP),Eurofins,https://c.smartrecruiters.com/sr-company-logo-prod-aws-dc5/59a68830e4b02f57443071f7/huge?r=s3-eu-central-1&_1616915876115,2024-11-27T14:42:56.501Z,Zaragoza,AR,es,true,"Zaragoza, Spain",https://jobs.smartrecruiters.com/Eurofins/744000028834752-senior-devops-engineer-gcp-
744000028835626,Systems Engineer (AWS),Headhunte.rs,https://c.smartrecruiters.com/sr-company-logo-prod-aws-dc5/5135d66ae4b0b42dcb4588b7/huge?r=s3-eu-central-1&_1493030289793,2024-11-27T14:42:37.088Z,Beograd,,rs,true,"Beograd, Serbia",https://jobs.smartrecruiters.com/Headhunters1/744000028835626-systems-engineer-aws-
744000028836445,Senior DevOps Engineer (GCP),Eurofins,https://c.smartrecruiters.com/sr-company-logo-prod-aws-dc5/59a68830e4b02f57443071f7/huge?r=s3-eu-central-1&_1616915876115,2024-11-27T14:42:24.327Z,Palma,IB,es,true,"Palma, Spain",https://jobs.smartrecruiters.com/Eurofins/744000028836445-senior-devops-engineer-gcp-
744000028836105,Senior DevOps Engineer (GCP),Eurofins,https://c.smartrecruiters.com/sr-company-logo-prod-aws-dc5/59a68830e4b02f57443071f7/huge?r=s3-eu-central-1&_1616915876115,2024-11-27T14:40:54.182Z,Málaga,AN,es,true,"Málaga, Spain",https://jobs.smartrecruiters.com/Eurofins/744000028836105-senior-devops-engineer-gcp-
744000028833421,Senior DevOps Engineer (GCP),Eurofins,https://c.smartrecruiters.com/sr-company-logo-prod-aws-dc5/59a68830e4b02f57443071f7/huge?r=s3-eu-central-1&_1616915876115,2024-11-27T14:39:46.616Z,Valencia,VC,es,true,"Valencia, Spain",https://jobs.smartrecruiters.com/Eurofins/744000028833421-senior-devops-engineer-gcp-
744000028835725,Senior DevOps Engineer (GCP),Eurofins,https://c.smartrecruiters.com/sr-company-logo-prod-aws-dc5/59a68830e4b02f57443071f7/huge?r=s3-eu-central-1&_1616915876115,2024-11-27T14:38:55.930Z,Madrid,MD,es,true,"Madrid, Spain",https://jobs.smartrecruiters.com/Eurofins/744000028835725-senior-devops-engineer-gcp-
744000028833735,Senior Security Engineer with German Language,Deutsche Telekom IT Solutions Slovakia,https://c.smartrecruiters.com/sr-company-logo-prod-aws-dc5/6278f7933a2eb2659c84dffb/huge?r=s3-eu-central-1&_1657710443689,2024-11-27T14:28:16.534Z,Košice,,sk,true,"Košice, Slovakia",https://jobs.smartrecruiters.com/DeutscheTelekomITSolutionsSlovakia/744000028833735-senior-security-engineer-with-german-language
744000028833650,Sr Technical Program Manager,ServiceNow,https://c.smartrecruiters.com/sr-company-logo-prod-aws-dc5/5f6266c32112e54beb9e47fe/huge?r=s3-eu-central-1&_1644279754850,2024-11-27T14:28:03.369Z,Hyderabad,,in,true,"Hyderabad, India",https://jobs.smartrecruiters.com/ServiceNow/744000028833650-sr-technical-program-manager
744000028831585,Python Backend Engineer (m/f/d),Redcare Pharmacy,https://c.smartrecruiters.com/sr-company-logo-prod-aws-dc5/6634f427c4207f30174d0198/huge?r=s3-eu-central-1&_1714912109610,2024-11-27T14:16:35.401Z,Cologne,,de,true,"Cologne, Germany",https://jobs.smartrecruiters.com/Redcare-Pharmacy/744000028831585-python-backend-engineer-m-f-d-
744000028831305,Technicien GTB H/F,ASSYSTEM,https://c.smartrecruiters.com/sr-company-logo-prod-aws-dc5/632891c61316aa2fa0cc83cf/huge?r=s3-eu-central-1&_1663604043274,2024-11-27T14:15:54.856Z,Montigny-le-Bretonneux,IDF,fr,true,"Montigny-le-Bretonneux, France",https://jobs.smartrecruiters.com/ASSYSTEM/744000028831305-technicien-gtb-h-f
744000028830476,Cloud Database Engineer,Experian,https://c.smartrecruiters.com/sr-company-logo-prod-aws-dc5/60ba05cb489c9170b8048619/huge?r=s3-eu-central-1&_1682610193841,2024-11-27T14:13:09.906Z,Heredia,Heredia,cr,true,"Heredia, Costa Rica",https://jobs.smartrecruiters.com/Experian/744000028830476-cloud-database-engineer
744000028825857,Infrastructure Engineer,Unit4,https://c.smartrecruiters.com/sr-company-logo-prod-aws-dc5/5ef3142117464322b5b5f751/huge?r=s3-eu-central-1&_1596468608636,2024-11-27T13:50:27.011Z,Jakarta,Jakarta,id,true,"Jakarta, Indonesia",https://jobs.smartrecruiters.com/Unit44/744000028825857-infrastructure-engineer
744000028820521,RAA inžinierė (-ius) Technikos skyriuje,EPSO-G ,https://c.smartrecruiters.com/sr-company-logo-prod-aws-dc5/634fa1dae94f4e4df3d7841c/huge?r=s3-eu-central-1&_1667818901321,2024-11-27T13:50:10.008Z,Vilnius,Vilnius County,lt,true,"Vilnius, Lithuania",https://jobs.smartrecruiters.com/EPSOG/744000028820521-raa-inziniere-ius-technikos-skyriuje
744000028825619,Ingénieur commercial - Alternance H/F,ASSYSTEM,https://c.smartrecruiters.com/sr-company-logo-prod-aws-dc5/632891c61316aa2fa0cc83cf/huge?r=s3-eu-central-1&_1663604043274,2024-11-27T13:50:06.111Z,Montigny-le-Bretonneux,IDF,fr,true,"Montigny-le-Bretonneux, France",https://jobs.smartrecruiters.com/ASSYSTEM/744000028825619-ingenieur-commercial-alternance-h-f
744000028825445,Senior Laboratory Engineer/Technician,WSP Africa,https://c.smartrecruiters.com/sr-company-logo-prod-aws-dc5/627505d2bbeed819479f2a80/huge?r=s3-eu-central-1&_1667650468277,2024-11-27T13:48:20.166Z,Midrand,GP,za,true,"Midrand, South Africa",https://jobs.smartrecruiters.com/WSPAfrica/744000028825445-senior-laboratory-engineer-technician
744000028823460,Software Engineer,Visa,https://c.smartrecruiters.com/sr-company-logo-prod-aws-dc5/57a11f9de4b09d766b5b5dd6/huge?r=s3-eu-central-1&_1643423250683,2024-11-27T13:38:49.592Z,Reading,UNITED KINGDOM,gb,true,"Reading, United Kingdom",https://jobs.smartrecruiters.com/Visa/744000028823460-software-engineer
744000028818645,Software Engineer - Jira Admin,NECSWS,https://c.smartrecruiters.com/sr-company-logo-prod-aws-dc5/5922e753e4b01978615772db/huge?r=s3-eu-central-1&_1625075944883,2024-11-27T13:15:15.094Z,Mumbai,MH,in,true,"Mumbai, India",https://jobs.smartrecruiters.com/NECSWS/744000028818645-software-engineer-jira-admin
744000028815385,Data Engineer GCP,ALTEN,https://c.smartrecruiters.com/sr-company-logo-prod-aws-dc5/61d557936f3faf160ddc0a88/huge?r=s3-eu-central-1&_1654076992922,2024-11-27T12:59:51.586Z,Rabat,Rabat-Salé-Kénitra,ma,true,"Rabat, Morocco",https://jobs.smartrecruiters.com/ALTEN/744000028815385-data-engineer-gcp
744000028815335,Data Engineer GCP,ALTEN,https://c.smartrecruiters.com/sr-company-logo-prod-aws-dc5/61d557936f3faf160ddc0a88/huge?r=s3-eu-central-1&_1654076992922,2024-11-27T12:59:44.423Z,Rabat,Rabat-Salé-Kénitra,ma,true,"Rabat, Morocco",https://jobs.smartrecruiters.com/ALTEN/744000028815335-data-engineer-gcp
744000028810821,Filter Engineer,Smith's Group,https://c.smartrecruiters.com/sr-company-logo-prod-aws-dc5/664b407f823b1070adb43f19/huge?r=s3-eu-central-1&_1729544566409,2024-11-27T12:41:07.071Z,Dundee,Scotland,gb,true,"Dundee, United Kingdom",https://jobs.smartrecruiters.com/SmithsGroup2/744000028810821-filter-engineer
744000028810488,Ingénieur d'application dans le traitement des eaux H/F - Dunkerque(59),Veolia Environnement SA,https://c.smartrecruiters.com/sr-company-logo-prod-aws-dc5/606402be6a5e810d985a215d/huge?r=s3-eu-central-1&_1629973001526,2024-11-27T12:37:27.557Z,Dunkirk,Hauts-de-France,fr,true,"Dunkirk, France",https://jobs.smartrecruiters.com/VeoliaEnvironnementSA/744000028810488-ingenieur-d-application-dans-le-traitement-des-eaux-h-f-dunkerque-59-
744000028803730,Project Manager - Contract,Edify Software Consulting,https://c.smartrecruiters.com/sr-company-logo-prod-aws-dc5/51786c7ae4b04221b49133f2/huge?r=s3-eu-central-1&_1408021051573,2024-11-27T12:16:39.565Z,Alajuela,Alajuela Province,cr,true,"Alajuela, Costa Rica",https://jobs.smartrecruiters.com/EdifySoftwareConsulting/744000028803730-project-manager-contract
744000028804476,Senior Python Developer,Mobica ,https://c.smartrecruiters.com/sr-company-logo-prod-aws-dc5/5d4147875754ad1193d86505/huge?r=s3-eu-central-1&_1678702990285,2024-11-27T12:14:57.627Z,Warsaw,,pl,true,"Warsaw, Poland",https://jobs.smartrecruiters.com/Mobica/744000028804476-senior-python-developer
744000028796256,Design  Engineer,Smith's Group,https://c.smartrecruiters.com/sr-company-logo-prod-aws-dc5/664b407f823b1070adb43f19/huge?r=s3-eu-central-1&_1729544566409,2024-11-27T11:20:36.545Z,Su Zhou Shi,Jiang Su Sheng,cn,true,"Su Zhou Shi, China",https://jobs.smartrecruiters.com/SmithsGroup2/744000028796256-design-engineer
744000028793227,Sales Engineer,Smith's Group,https://c.smartrecruiters.com/sr-company-logo-prod-aws-dc5/664b407f823b1070adb43f19/huge?r=s3-eu-central-1&_1729544566409,2024-11-27T11:17:49.754Z,Jin Zhou Shi,Liao Ning Sheng,cn,true,"Jin Zhou Shi, China",https://jobs.smartrecruiters.com/SmithsGroup2/744000028793227-sales-engineer
744000028792343,"Ingénieur(e) de Service terrain, France*",Tomra,https://c.smartrecruiters.com/sr-company-logo-prod-aws-dc5/60ed8ac0b2049e386631da9a/huge?r=s3-eu-central-1&_1632498225728,2024-11-27T11:09:31.471Z,Nantes,,fr,true,"Nantes, France",https://jobs.smartrecruiters.com/Tomra/744000028792343-ingenieur-e-de-service-terrain-france-
744000028793956,Assistente Administrativo: Commercial Finance,Bosch Group,https://c.smartrecruiters.com/sr-company-logo-prod-aws-dc5/58652035e4b04016904de9fe/huge?r=s3-eu-central-1&_1699017323104,2024-11-27T11:09:15.276Z,Lisboa,Lisboa,pt,true,"Lisboa, Portugal",https://jobs.smartrecruiters.com/BoschGroup/744000028793956-assistente-administrativo-commercial-finance
744000028793335,Chef de projet confirmé MOE VRD Aménagements urbains H/F,Egis Group,https://c.smartrecruiters.com/sr-company-logo-prod-aws-dc5/6679777cde5aab69910af22d/huge?r=s3-eu-central-1&_1725886098500,2024-11-27T11:01:06.699Z,Bordeaux,Nouvelle-Aquitaine,fr,true,"Bordeaux, France",https://jobs.smartrecruiters.com/EgisGroup/744000028793335-chef-de-projet-confirme-moe-vrd-amenagements-urbains-h-f
744000028791168,Senior Proposal Engineer,Sensia,https://c.smartrecruiters.com/sr-company-logo-prod-aws-dc5/619fbe7b97270e4c0a38193d/huge?r=s3-eu-central-1&_1645472925840,2024-11-27T10:55:20.862Z,Pune,MH,in,true,"Pune, India",https://jobs.smartrecruiters.com/Sensia/744000028791168-senior-proposal-engineer
744000028790926,ICT Engineer - AIX platform,Deutsche Telekom IT Solutions Slovakia,https://c.smartrecruiters.com/sr-company-logo-prod-aws-dc5/6278f7933a2eb2659c84dffb/huge?r=s3-eu-central-1&_1657710443689,2024-11-27T10:50:37.712Z,Košice,Košický kraj,sk,true,"Košice, Slovakia",https://jobs.smartrecruiters.com/DeutscheTelekomITSolutionsSlovakia/744000028790926-ict-engineer-aix-platform
744000028769755,Analytics Engineer,NielsenIQ,https://c.smartrecruiters.com/sr-company-logo-prod-aws-dc5/5f20077aa2b8ac7a5a26cb93/huge?r=s3-eu-central-1&_1677595378780,2024-11-27T09:21:54.200Z,Lisbon,11,pt,true,"Lisbon, Portugal",https://jobs.smartrecruiters.com/NielsenIQ/744000028769755-analytics-engineer
744000028766165,Stage - Ingénieur DevOps – Innovation et Optimisation - SBS - Vannes,Sopra Steria,https://c.smartrecruiters.com/sr-company-logo-prod-aws-dc5/632c507639e3dd74ff8fe1ad/huge?r=s3-eu-central-1&_1679494463342,2024-11-27T08:58:16.740Z,Vannes,Bretagne,fr,true,"Vannes, France",https://jobs.smartrecruiters.com/SopraSteria1/744000028766165-stage-ingenieur-devops-innovation-et-optimisation-sbs-vannes
744000028765905,Stage - IA - logiciel SAB - SBS - Vannes,Sopra Steria,https://c.smartrecruiters.com/sr-company-logo-prod-aws-dc5/632c507639e3dd74ff8fe1ad/huge?r=s3-eu-central-1&_1679494463342,2024-11-27T08:56:27.216Z,Vannes,Bretagne,fr,true,"Vannes, France",https://jobs.smartrecruiters.com/SopraSteria1/744000028765905-stage-ia-logiciel-sab-sbs-vannes
744000028765775,Anforderungsingenieur Embedded Software (all gender),ALTEN,https://c.smartrecruiters.com/sr-company-logo-prod-aws-dc5/61d557936f3faf160ddc0a88/huge?r=s3-eu-central-1&_1654076992922,2024-11-27T08:55:53.204Z,Ulm,BW,de,true,"Ulm, Germany",https://jobs.smartrecruiters.com/ALTEN/744000028765775-anforderungsingenieur-embedded-software-all-gender-
744000028762045,Maschine Learning Engineer (w/m/d),Deutsche Glasfaser,https://c.smartrecruiters.com/sr-company-logo-prod-aws-dc5/64ed8ec6eee4ce419f05c9e4/huge?r=s3-eu-central-1&_1699009689020,2024-11-27T08:28:29.227Z,Düsseldorf,,de,true,"Düsseldorf, Germany",https://jobs.smartrecruiters.com/DeutscheGlasfaser/744000028762045-maschine-learning-engineer-w-m-d-
744000028759583,Ingénieur FTTX,ALTEN,https://c.smartrecruiters.com/sr-company-logo-prod-aws-dc5/61d557936f3faf160ddc0a88/huge?r=s3-eu-central-1&_1654076992922,2024-11-27T08:13:39.275Z,Fes,Fez-Meknès,ma,true,"Fes, Morocco",https://jobs.smartrecruiters.com/ALTEN/744000028759583-ingenieur-fttx
744000028759285,Product Management Lead for Platform,IFS,https://c.smartrecruiters.com/sr-company-logo-prod-aws-dc5/5dfce360dff23c4bbfcd259c/huge?r=s3-eu-central-1&_1613638466617,2024-11-27T08:10:33.832Z,'s-Hertogenbosch,NB,nl,true,"'s-Hertogenbosch, Netherlands",https://jobs.smartrecruiters.com/IFS1/744000028759285-product-management-lead-for-platform
744000028757106,BE - Ingénieur Architecture et Incendie / Brandingenieur,Socotec,https://c.smartrecruiters.com/sr-company-logo-prod-aws-dc5/5e25dd3cf127a81f60991b77/huge?r=s3-eu-central-1&_1592812510946,2024-11-27T07:50:42.800Z,Kraainem,Vlaams Gewest,be,true,"Kraainem, Belgium",https://jobs.smartrecruiters.com/Socotec/744000028757106-be-ingenieur-architecture-et-incendie-brandingenieur
744000028757071,BE - Ingénieur Stabilité / Stabiliteitsingenieur,Socotec,https://c.smartrecruiters.com/sr-company-logo-prod-aws-dc5/5e25dd3cf127a81f60991b77/huge?r=s3-eu-central-1&_1592812510946,2024-11-27T07:49:00.719Z,Kraainem,Vlaams Gewest,be,true,"Kraainem, Belgium",https://jobs.smartrecruiters.com/Socotec/744000028757071-be-ingenieur-stabilite-stabiliteitsingenieur
744000028756550,Requirement Engineer (m/w/d),Redcare Pharmacy,https://c.smartrecruiters.com/sr-company-logo-prod-aws-dc5/6634f427c4207f30174d0198/huge?r=s3-eu-central-1&_1714912109610,2024-11-27T07:46:47.835Z,Cologne,,de,true,"Cologne, Germany",https://jobs.smartrecruiters.com/Redcare-Pharmacy/744000028756550-requirement-engineer-m-w-d-
744000028756195,Sr Project/ Program Design,Renesas Electronics,https://c.smartrecruiters.com/sr-company-logo-prod-aws-dc5/645ce2132e84c109eba0458d/huge?r=s3-eu-central-1&_1706879826613,2024-11-27T07:43:09.678Z,Philippines,,ph,true,"Philippines, Philippines",https://jobs.smartrecruiters.com/RenesasElectronics/744000028756195-sr-project-program-design
744000028736635,エンジニア製品安全オンサイト,SGS,https://c.smartrecruiters.com/sr-company-logo-prod-aws-dc5/5d946e0d08c63e194f3a018e/huge?r=s3-eu-central-1&_1570091188190,2024-11-27T01:39:23.829Z,横浜,,jp,true,"横浜, Japan",https://jobs.smartrecruiters.com/SGS/744000028736635--
744000028733411,エンジニア（機能安全ラボ・サイバーセキュリティ）,SGS,https://c.smartrecruiters.com/sr-company-logo-prod-aws-dc5/5d946e0d08c63e194f3a018e/huge?r=s3-eu-central-1&_1570091188190,2024-11-27T01:13:47.464Z,横浜,,jp,true,"横浜, Japan",https://jobs.smartrecruiters.com/SGS/744000028733411--
744000028734027,エンジニア（機能安全ラボ・ソフトウェア）,SGS,https://c.smartrecruiters.com/sr-company-logo-prod-aws-dc5/5d946e0d08c63e194f3a018e/huge?r=s3-eu-central-1&_1570091188190,2024-11-27T01:05:41.022Z,横浜,,jp,true,"横浜, Japan",https://jobs.smartrecruiters.com/SGS/744000028734027--
744000028716955,Développeur Full-Stack Intermédiaire / Développeuse Full-Stack Intermédiaire,Medfar,https://c.smartrecruiters.com/sr-company-logo-prod-aws-dc5/5d891a89f02fff531ca5bd54/huge?r=s3-eu-central-1&_1717074539220,2024-11-26T22:34:28.117Z,Montréal,QC,ca,true,"Montréal, Canada",https://jobs.smartrecruiters.com/Medfar/744000028716955-developpeur-full-stack-intermediaire-developpeuse-full-stack-intermediaire
744000028911996,Fullstack Developer (Angular + Java),Applaudo Studios,https://c.smartrecruiters.com/sr-company-logo-prod-aws-dc5/616d947258ad0940097d87ca/huge?r=s3-eu-central-1&_1657643509471,2024-11-28T00:40:30.963Z,San Salvador,San Salvador Department,sv,true,"San Salvador, El Salvador",https://jobs.smartrecruiters.com/ApplaudoStudios/744000028911996-fullstack-developer-angular-java-
744000028881695,Latin America/South America - Business Development Representative with SaaS Data Analytics Background | $2K - $3K USD + Remote | Exciting High-Growth Data Analytics & ETL SaaS Company,PhillyTech.Co,https://c.smartrecruiters.com/sr-company-logo-prod-aws-dc5/5487eefbe4b020c10e0eb5b9/huge?r=s3-eu-central-1&_1708633458526,2024-11-27T18:22:30.384Z,Medellín,Antioquia,co,true,"Medellín, Colombia",https://jobs.smartrecruiters.com/PhillyTechCo/744000028881695-latin-america-south-america-business-development-representative-with-saas-data-analytics-background-2k-3k-usd-remote-exciting-high-growth-data-analytics-etl-saas-company
744000028862002,JAVA Software Developer,Applus IDIADA,https://c.smartrecruiters.com/sr-company-logo-prod-aws-dc5/63579c925c57fb6848381ddf/huge?r=s3-eu-central-1&_1667383873585,2024-11-27T16:39:45.238Z,Tarragona,CT,es,true,"Tarragona, Spain",https://jobs.smartrecruiters.com/ApplusIDIADA1/744000028862002-java-software-developer
744000028851005,Project Development Manager Team Lead (m/f/d),ib vogt GmbH,https://c.smartrecruiters.com/sr-company-logo-prod-aws-dc5/6641fd799fcb924db572cb9e/huge?r=s3-eu-central-1&_1726672710255,2024-11-27T15:48:29.350Z,Berlin,BE,de,true,"Berlin, Germany",https://jobs.smartrecruiters.com/ib-vogt-GmbH/744000028851005-project-development-manager-team-lead-m-f-d-
744000028837935,Sénior Web Developer (W/M/NB),Ubisoft,https://c.smartrecruiters.com/sr-company-logo-prod-aws-dc5/56be0df1e4b043c434798ee2/huge?r=s3-eu-central-1&_1499175978307,2024-11-27T14:50:10.720Z,Saint-Mandé,IDF,fr,true,"Saint-Mandé, France",https://jobs.smartrecruiters.com/Ubisoft2/744000028837935-senior-web-developer-w-m-nb-
744000028821755,Telecom | Full Stack Developer,Devoteam,https://c.smartrecruiters.com/sr-company-logo-prod-aws-dc5/5b8f87c1e4b07eb5549de6e8/huge?r=s3-eu-central-1&_1708962831554,2024-11-27T13:31:36.874Z,Lisboa,Lisboa,pt,true,"Lisboa, Portugal",https://jobs.smartrecruiters.com/Devoteam/744000028821755-telecom-full-stack-developer
744000028816035,Ingénieur technico-commercial dans le traitement de l’eau H/F - Bordeaux (33),Veolia Environnement SA,https://c.smartrecruiters.com/sr-company-logo-prod-aws-dc5/606402be6a5e810d985a215d/huge?r=s3-eu-central-1&_1629973001526,2024-11-27T13:02:55.511Z,Bordeaux,Nouvelle-Aquitaine,fr,true,"Bordeaux, France",https://jobs.smartrecruiters.com/VeoliaEnvironnementSA/744000028816035-ingenieur-technico-commercial-dans-le-traitement-de-l-eau-h-f-bordeaux-33-
744000028795778,Commercial Sédentaire H/F,Septeo,https://c.smartrecruiters.com/sr-company-logo-prod-aws-dc5/646b33088898dc63b84bbf18/huge?r=s3-eu-central-1&_1695817662052,2024-11-27T11:17:30.465Z,Lattes,Occitanie,fr,true,"Lattes, France",https://jobs.smartrecruiters.com/Septeo/744000028795778-commercial-sedentaire-h-f
744000028791685,Software Developer (Front-End),NECSWS,https://c.smartrecruiters.com/sr-company-logo-prod-aws-dc5/5922e753e4b01978615772db/huge?r=s3-eu-central-1&_1625075944883,2024-11-27T10:52:40.367Z,Hemel Hempstead,England,gb,true,"Hemel Hempstead, United Kingdom",https://jobs.smartrecruiters.com/NECSWS/744000028791685-software-developer-front-end-
744000028789616,Marketing Business Developer -Water Treatment Secteur Oil&Gas H/F,Veolia Environnement SA,https://c.smartrecruiters.com/sr-company-logo-prod-aws-dc5/606402be6a5e810d985a215d/huge?r=s3-eu-central-1&_1629973001526,2024-11-27T10:48:49.617Z,Saint-Maurice,IDF,fr,true,"Saint-Maurice, France",https://jobs.smartrecruiters.com/VeoliaEnvironnementSA/744000028789616-marketing-business-developer-water-treatment-secteur-oil-gas-h-f
744000028776245,Back[end] to the... Java Developer Specialist | level 'MID',Storware Sp. z o.o.,https://c.smartrecruiters.com/sr-company-logo-prod-aws-dc5/5b69c417e4b0338c665a6a32/huge?r=s3-eu-central-1&_1688466789906,2024-11-27T09:51:26.309Z,Warszawa,Województwo mazowieckie,pl,true,"Warszawa, Poland",https://jobs.smartrecruiters.com/StorwareSpZOo/744000028776245-back-end-to-the-java-developer-specialist-level-mid-
744000028760395,"Senior Project Developer - Bari, Italy",Statkraft,https://c.smartrecruiters.com/sr-company-logo-prod-aws-dc5/61dee3d16a55dc6655fe051d/huge?r=s3-eu-central-1&_1651661497847,2024-11-27T08:18:44.924Z,Bari,Puglia,it,true,"Bari, Italy",https://jobs.smartrecruiters.com/Statkraft1/744000028760395-senior-project-developer-bari-italy
744000028728820,Full-Stack Web Developer,SubjecttoClimate,https://c.smartrecruiters.com/sr-company-logo-prod-aws-dc5/6500732e4c5448584a06e729/huge?r=s3-eu-central-1&_1724796175440,2024-11-27T00:47:49.039Z,Remote,,un,true,"Remote, Unknown",https://jobs.smartrecruiters.com/SubjecttoClimate/744000028728820-full-stack-web-developer
744000028714781,Intermediate Full Stack Developer,Medfar,https://c.smartrecruiters.com/sr-company-logo-prod-aws-dc5/5d891a89f02fff531ca5bd54/huge?r=s3-eu-central-1&_1717074539220,2024-11-26T22:29:18.753Z,Montréal,QC,ca,true,"Montréal, Canada",https://jobs.smartrecruiters.com/Medfar/744000028714781-intermediate-full-stack-developer
744000028712986,"Sr Fullstack Developer (Java, React.js & Python: ML / Predictive analytics) - Remote Job",Bertoni Solutions,https://c.smartrecruiters.com/sr-company-logo-prod-aws-dc5/5e988dd0ae775a3645877290/huge?r=s3-eu-central-1&_1605874126182,2024-11-26T22:08:21.679Z,Lima,,pe,true,"Lima, Peru",https://jobs.smartrecruiters.com/BertoniSolutions/744000028712986-sr-fullstack-developer-java-react-js-python-ml-predictive-analytics-remote-job
744000028660456,Prompt Engineer - genAI use-case developer,Applus IDIADA,https://c.smartrecruiters.com/sr-company-logo-prod-aws-dc5/63579c925c57fb6848381ddf/huge?r=s3-eu-central-1&_1667383873585,2024-11-26T16:56:38.869Z,Tarragona,CT,es,true,"Tarragona, Spain",https://jobs.smartrecruiters.com/ApplusIDIADA1/744000028660456-prompt-engineer-genai-use-case-developer
744000028655205,Directeur (trice) Revenue Management en CDD pour remplacement congé maternité (mi-décembre 24 à mi-septembre 25),AccorCorpo,https://c.smartrecruiters.com/sr-company-logo-prod-aws-dc5/63035370f2111b517a644548/huge?r=s3-eu-central-1&_1665478123047,2024-11-26T16:12:43.529Z,Nanterre,IDF,fr,true,"Nanterre, France",https://jobs.smartrecruiters.com/AccorCorpo/744000028655205-directeur-trice-revenue-management-en-cdd-pour-remplacement-conge-maternite-mi-decembre-24-a-mi-septembre-25-
744000028653945,Business Data Analyst,AccorCorpo,https://c.smartrecruiters.com/sr-company-logo-prod-aws-dc5/63035370f2111b517a644548/huge?r=s3-eu-central-1&_1665478123047,2024-11-26T16:07:25.221Z,Nanterre,IDF,fr,true,"Nanterre, France",https://jobs.smartrecruiters.com/AccorCorpo/744000028653945-business-data-analyst
744000028620815,Bid Manager,AECOM,https://c.smartrecruiters.com/sr-company-logo-prod-aws-dc5/62fac73f75346b44f7c93533/huge?r=s3-eu-central-1&_1664467375087,2024-11-26T14:10:52.542Z,Cork,,ie,true,"Cork, Ireland",https://jobs.smartrecruiters.com/AECOM2/744000028620815-bid-manager
744000028609075,Unity Game Developer,Gameloft,https://c.smartrecruiters.com/sr-company-logo-prod-aws-dc5/565dde87e4b047634c1c413d/huge?r=s3-eu-central-1&_1632123130223,2024-11-26T13:26:59.437Z,Kharkiv,Kharkiv Oblast,ua,true,"Kharkiv, Ukraine",https://jobs.smartrecruiters.com/Gameloft/744000028609075-unity-game-developer
744000028595137,Java Developer,ARHS,https://c.smartrecruiters.com/sr-company-logo-prod-aws-dc5/5f96e48e8c14184d6b61573c/huge?r=s3-eu-central-1&_1727357176182,2024-11-26T12:24:40.553Z,The Hague,ZH,nl,true,"The Hague, Netherlands",https://jobs.smartrecruiters.com/ARHS/744000028595137-java-developer
744000028579585,"Freelance Full Stack Developer (.NET Core, Angular) - Remote in Romania",Eurofins,https://c.smartrecruiters.com/sr-company-logo-prod-aws-dc5/59a68830e4b02f57443071f7/huge?r=s3-eu-central-1&_1616915876115,2024-11-26T10:48:19.516Z,Brașov,BV,ro,true,"Brașov, Romania",https://jobs.smartrecruiters.com/Eurofins/744000028579585-freelance-full-stack-developer-net-core-angular-remote-in-romania
744000028577872,"Freelance Full Stack Developer (.NET Core, Angular) - Remote in Romania",Eurofins,https://c.smartrecruiters.com/sr-company-logo-prod-aws-dc5/59a68830e4b02f57443071f7/huge?r=s3-eu-central-1&_1616915876115,2024-11-26T10:47:55.086Z,Iași,IS,ro,true,"Iași, Romania",https://jobs.smartrecruiters.com/Eurofins/744000028577872-freelance-full-stack-developer-net-core-angular-remote-in-romania
744000028576741,"Freelance Full Stack Developer (.NET Core, Angular) - Remote in Romania",Eurofins,https://c.smartrecruiters.com/sr-company-logo-prod-aws-dc5/59a68830e4b02f57443071f7/huge?r=s3-eu-central-1&_1616915876115,2024-11-26T10:47:30.558Z,Timișoara,TM,ro,true,"Timișoara, Romania",https://jobs.smartrecruiters.com/Eurofins/744000028576741-freelance-full-stack-developer-net-core-angular-remote-in-romania
744000028578300,"Freelance Full Stack Developer (.NET Core, Angular) - Remote in Romania",Eurofins,https://c.smartrecruiters.com/sr-company-logo-prod-aws-dc5/59a68830e4b02f57443071f7/huge?r=s3-eu-central-1&_1616915876115,2024-11-26T10:47:03.753Z,Cluj-Napoca,CJ,ro,true,"Cluj-Napoca, Romania",https://jobs.smartrecruiters.com/Eurofins/744000028578300-freelance-full-stack-developer-net-core-angular-remote-in-romania
744000028579185,Salesforce Developer,LegalAndGeneral,https://c.smartrecruiters.com/sr-company-logo-prod-aws-dc5/642ee576a005a806fd1c3bce/huge?r=s3-eu-central-1&_1694697439778,2024-11-26T10:46:31.451Z,London,,gb,true,"London, United Kingdom",https://jobs.smartrecruiters.com/LegalAndGeneral/744000028579185-salesforce-developer
744000028576736,"Freelance Full Stack Developer (.NET Core, Angular) - Remote in Romania",Eurofins,https://c.smartrecruiters.com/sr-company-logo-prod-aws-dc5/59a68830e4b02f57443071f7/huge?r=s3-eu-central-1&_1616915876115,2024-11-26T10:45:52.894Z,Bucharest,Bucharest,ro,true,"Bucharest, Romania",https://jobs.smartrecruiters.com/Eurofins/744000028576736-freelance-full-stack-developer-net-core-angular-remote-in-romania
744000028575127,Middle .NET Developer,TRIGO,https://c.smartrecruiters.com/sr-company-logo-prod-aws-dc5/6318ac031a6b994741fdaf5c/huge?r=s3-eu-central-1&_1669043242394,2024-11-26T10:36:03.743Z,Tangier,Tangier-Tétouan-Al Hoceima,ma,true,"Tangier, Morocco",https://jobs.smartrecruiters.com/Trigo/744000028575127-middle-net-developer
744000028575315,Senior .NET Developer,TRIGO,https://c.smartrecruiters.com/sr-company-logo-prod-aws-dc5/6318ac031a6b994741fdaf5c/huge?r=s3-eu-central-1&_1669043242394,2024-11-26T10:33:41.524Z,Tangier,Tangier-Tétouan-Al Hoceima,ma,true,"Tangier, Morocco",https://jobs.smartrecruiters.com/Trigo/744000028575315-senior-net-developer
744000028561484,Junior .NET Developer,EcoVadis,https://c.smartrecruiters.com/sr-company-logo-prod-aws-dc5/5135d669e4b0b42dcb458634/huge?r=s3-eu-central-1&_1628786100677,2024-11-26T09:22:23.307Z,Warsaw,Masovian Voivodeship,pl,true,"Warsaw, Poland",https://jobs.smartrecruiters.com/ecovadis/744000028561484-junior-net-developer
744000028549926,Business Development Director - Commercial,Hitachi Solutions,https://c.smartrecruiters.com/sr-company-logo-prod-aws-dc5/58863f31e4b07421c60888a4/huge?r=s3-eu-central-1&_1508725179268,2024-11-26T08:32:40.725Z,London,England,gb,true,"London, United Kingdom",https://jobs.smartrecruiters.com/HitachiSolutions/744000028549926-business-development-director-commercial
744000028480736,Commercial(e) Sédentaire H/F,Septeo,https://c.smartrecruiters.com/sr-company-logo-prod-aws-dc5/646b33088898dc63b84bbf18/huge?r=s3-eu-central-1&_1695817662052,2024-11-25T21:29:25.604Z,Lattes,Occitanie,fr,true,"Lattes, France",https://jobs.smartrecruiters.com/Septeo/744000028480736-commercial-e-sedentaire-h-f
744000028447125,Responsable Commercial/Business Developer Ile de France (H/F),ITW,https://c.smartrecruiters.com/sr-company-logo-prod-aws-dc5/5ed95264dda0a665482c07cc/huge?r=s3-eu-central-1&_1667004891536,2024-11-25T17:49:13.839Z,Paris,,fr,true,"Paris, France",https://jobs.smartrecruiters.com/ITW/744000028447125-responsable-commercial-business-developer-ile-de-france-h-f-
744000028443547,Ingénieur d'affaires/Business Developer H/F,EPSA,https://c.smartrecruiters.com/sr-company-logo-prod-aws-dc5/6239c2fa8f15fa2e76e53ce0/huge?r=s3-eu-central-1&_1666047785234,2024-11-25T17:29:00.551Z,Aix-en-Provence,Provence-Alpes-Côte d'Azur,fr,true,"Aix-en-Provence, France",https://jobs.smartrecruiters.com/EPSA/744000028443547-ingenieur-d-affaires-business-developer-h-f
744000028441965,Ingénieur d'affaires en Financements et Subventions H/F,EPSA,https://c.smartrecruiters.com/sr-company-logo-prod-aws-dc5/6239c2fa8f15fa2e76e53ce0/huge?r=s3-eu-central-1&_1666047785234,2024-11-25T17:19:25.478Z,Issy-les-Moulineaux,IDF,fr,true,"Issy-les-Moulineaux, France",https://jobs.smartrecruiters.com/EPSA/744000028441965-ingenieur-d-affaires-en-financements-et-subventions-h-f
744000028429808,Learning Consultant,Insights Learning & Development Ltd,https://c.smartrecruiters.com/sr-company-logo-prod-aws-dc5/659ff9e91b2c613afcc1bd50/huge?r=s3-eu-central-1&_1709560045027,2024-11-25T16:34:42.392Z,Dundee,Scotland,gb,true,"Dundee, United Kingdom",https://jobs.smartrecruiters.com/InsightsLearningDevelopmentLtd/744000028429808-learning-consultant
744000028419423,Assistant achat F/H,Groupement Les Mousquetaires,https://c.smartrecruiters.com/sr-company-logo-prod-aws-dc5/627e141e7ba05b70dba0f481/huge?r=s3-eu-central-1&_1669285649061,2024-11-25T15:54:05.547Z,Bondoufle,IDF,fr,true,"Bondoufle, France",https://jobs.smartrecruiters.com/GroupementLesMousquetaires3/744000028419423-assistant-achat-f-h
744000028413277,Back End Developer .NET,Fusion Consulting,https://c.smartrecruiters.com/sr-company-logo-prod-aws-dc5/669101504331b03c2ad92e7a/huge?r=s3-eu-central-1&_1723452016338,2024-11-25T15:46:52.548Z,Madrid,MD,es,true,"Madrid, Spain",https://jobs.smartrecruiters.com/FusionConsulting/744000028413277-back-end-developer-net
744000028416591,Back End Developer .NET,Fusion Consulting,https://c.smartrecruiters.com/sr-company-logo-prod-aws-dc5/669101504331b03c2ad92e7a/huge?r=s3-eu-central-1&_1723452016338,2024-11-25T15:46:22.754Z,Warsaw,Masovian Voivodeship,pl,true,"Warsaw, Poland",https://jobs.smartrecruiters.com/FusionConsulting/744000028416591-back-end-developer-net
744000028407135,Senior Angular Developer,Soltia AB,https://c.smartrecruiters.com/sr-company-logo-prod-aws-dc5/5da5d57849b9d03dd03648e2/huge?r=s3-eu-central-1&_1732546586235,2024-11-25T15:14:36.920Z,Bengaluru,Karnataka,in,true,"Bengaluru, India",https://jobs.smartrecruiters.com/SoltiaAB/744000028407135-senior-angular-developer
744000028396167,Ingénieur d'affaires H/F,EPSA,https://c.smartrecruiters.com/sr-company-logo-prod-aws-dc5/6239c2fa8f15fa2e76e53ce0/huge?r=s3-eu-central-1&_1666047785234,2024-11-25T14:35:04.025Z,Strasbourg,Grand Est,fr,true,"Strasbourg, France",https://jobs.smartrecruiters.com/EPSA/744000028396167-ingenieur-d-affaires-h-f
744000028396315,Chargé de Développement Réseau H/F,EPSA,https://c.smartrecruiters.com/sr-company-logo-prod-aws-dc5/6239c2fa8f15fa2e76e53ce0/huge?r=s3-eu-central-1&_1666047785234,2024-11-25T14:32:56.688Z,Bordeaux,Nouvelle-Aquitaine,fr,true,"Bordeaux, France",https://jobs.smartrecruiters.com/EPSA/744000028396315-charge-de-developpement-reseau-h-f
744000028394943,Ingénieur d'affaires/Business Developer H/F,EPSA,https://c.smartrecruiters.com/sr-company-logo-prod-aws-dc5/6239c2fa8f15fa2e76e53ce0/huge?r=s3-eu-central-1&_1666047785234,2024-11-25T14:30:41.400Z,Lyon,Auvergne-Rhône-Alpes,fr,true,"Lyon, France",https://jobs.smartrecruiters.com/EPSA/744000028394943-ingenieur-d-affaires-business-developer-h-f
744000028380515,Regional Director of Revenue - Europe [m/f/d],AccorCorpo,https://c.smartrecruiters.com/sr-company-logo-prod-aws-dc5/63035370f2111b517a644548/huge?r=s3-eu-central-1&_1665478123047,2024-11-25T13:20:51.858Z,Hamburg,HH,de,true,"Hamburg, Germany",https://jobs.smartrecruiters.com/AccorCorpo/744000028380515-regional-director-of-revenue-europe-m-f-d-
744000028380035,Regional Director of Revenue - Europe [m/w/d],AccorCorpo,https://c.smartrecruiters.com/sr-company-logo-prod-aws-dc5/63035370f2111b517a644548/huge?r=s3-eu-central-1&_1665478123047,2024-11-25T13:18:55.380Z,Hamburg,HH,de,true,"Hamburg, Germany",https://jobs.smartrecruiters.com/AccorCorpo/744000028380035-regional-director-of-revenue-europe-m-w-d-
744000028365213,Technieker TV & Media,NielsenIQ,https://c.smartrecruiters.com/sr-company-logo-prod-aws-dc5/5f20077aa2b8ac7a5a26cb93/huge?r=s3-eu-central-1&_1677595378780,2024-11-25T12:21:47.403Z,Leuven,Flanders,be,true,"Leuven, Belgium",https://jobs.smartrecruiters.com/NielsenIQ/744000028365213-technieker-tv-media
744000028366453,Technicien TV & Media,NielsenIQ,https://c.smartrecruiters.com/sr-company-logo-prod-aws-dc5/5f20077aa2b8ac7a5a26cb93/huge?r=s3-eu-central-1&_1677595378780,2024-11-25T12:16:55.558Z,Leuven,Flanders,be,true,"Leuven, Belgium",https://jobs.smartrecruiters.com/NielsenIQ/744000028366453-technicien-tv-media
744000028362026,Senior Java Developer,Inetum,https://c.smartrecruiters.com/sr-company-logo-prod-aws-dc5/666c01602b41f9059f4b8ca8/huge?r=s3-eu-central-1&_1719922395526,2024-11-25T11:40:43.356Z,Mechelen,Flanders,be,true,"Mechelen, Belgium",https://jobs.smartrecruiters.com/Inetum2/744000028362026-senior-java-developer
744000028347335,Business Development Manager,NBCUniversal,https://c.smartrecruiters.com/sr-company-logo-prod-aws-dc5/62913a6c84a0d2068a683c44/huge?r=s3-eu-central-1&_1714488424997,2024-11-25T10:09:47.270Z,Cape Town,,za,true,"Cape Town, South Africa",https://jobs.smartrecruiters.com/NBCUniversal3/744000028347335-business-development-manager
744000028337495,Associate Developer,Ollion,https://c.smartrecruiters.com/sr-company-logo-prod-aws-dc5/617844dc3f3f6d7a1b152005/huge?r=s3-eu-central-1&_1696530165345,2024-11-25T09:19:53.808Z,Pune,MH,in,true,"Pune, India",https://jobs.smartrecruiters.com/Ollion/744000028337495-associate-developer
744000028121837,Scientific Software Developer,Materials Nexus,https://c.smartrecruiters.com/sr-company-logo-prod-aws-dc5/62b17ed88bf62803e68a4fb9/huge?r=s3-eu-central-1&_1655799804318,2024-11-22T17:42:53.472Z,London,England,gb,true,"London, United Kingdom",https://jobs.smartrecruiters.com/MaterialsNexus/744000028121837-scientific-software-developer
744000028100416,Senior Software Developer,FuseFX,https://c.smartrecruiters.com/sr-company-logo-prod-aws-dc5/62ff8d7ec595ca0e6e8d9a2e/huge?r=s3-eu-central-1&_1664302330123,2024-11-22T16:17:50.397Z,Montreal,QC,ca,true,"Montreal, Canada",https://jobs.smartrecruiters.com/FuseFX1/744000028100416-senior-software-developer
744000028094989,Ingénieur Commercial H/F,Sogetrel,https://c.smartrecruiters.com/sr-company-logo-prod-aws-dc5/5f283363b283d25580bd2d69/huge?r=s3-eu-central-1&_1608574137210,2024-11-22T15:56:42.789Z,Gellainville,Centre-Val de Loire,fr,true,"Gellainville, France",https://jobs.smartrecruiters.com/Sogetrel/744000028094989-ingenieur-commercial-h-f
744000028095075,Ingénieur Commercial - H/F,Sogetrel,https://c.smartrecruiters.com/sr-company-logo-prod-aws-dc5/5f283363b283d25580bd2d69/huge?r=s3-eu-central-1&_1608574137210,2024-11-22T15:55:38.899Z,Bièvres,IDF,fr,true,"Bièvres, France",https://jobs.smartrecruiters.com/Sogetrel/744000028095075-ingenieur-commercial-h-f
744000028087259,"Senior PHP Developer, Revenue CRM Team (100% remote-friendly within Poland)",Docplanner,https://c.smartrecruiters.com/sr-company-logo-prod-aws-dc5/62d16ba2cec07a6388f5fbd7/huge?r=s3-eu-central-1&_1657895753584,2024-11-22T15:22:20.811Z,Warsaw,Masovian Voivodeship,pl,true,"Warsaw, Poland",https://jobs.smartrecruiters.com/Docplanner/744000028087259-senior-php-developer-revenue-crm-team-100-remote-friendly-within-poland-
744000028078155,Python Developer,RISK,https://c.smartrecruiters.com/sr-company-logo-prod-aws-dc5/661d61417ff92629cfc46689/huge?r=s3-eu-central-1&_1713245745633,2024-11-22T14:41:48.070Z,Prague,Prague,cz,true,"Prague, Czech Republic",https://jobs.smartrecruiters.com/RISK1/744000028078155-python-developer
744000028077854,Python Developer,RISK,https://c.smartrecruiters.com/sr-company-logo-prod-aws-dc5/661d61417ff92629cfc46689/huge?r=s3-eu-central-1&_1713245745633,2024-11-22T14:40:31.058Z,Bucharest,Bucharest,ro,true,"Bucharest, Romania",https://jobs.smartrecruiters.com/RISK1/744000028077854-python-developer
744000028074650,Python Developer,RISK,https://c.smartrecruiters.com/sr-company-logo-prod-aws-dc5/661d61417ff92629cfc46689/huge?r=s3-eu-central-1&_1713245745633,2024-11-22T14:39:54.980Z,Lviv,Lviv Oblast,ua,true,"Lviv, Ukraine",https://jobs.smartrecruiters.com/RISK1/744000028074650-python-developer
744000028077445,Python Developer,RISK,https://c.smartrecruiters.com/sr-company-logo-prod-aws-dc5/661d61417ff92629cfc46689/huge?r=s3-eu-central-1&_1713245745633,2024-11-22T14:38:25.820Z,Warsaw,Masovian Voivodeship,pl,true,"Warsaw, Poland",https://jobs.smartrecruiters.com/RISK1/744000028077445-python-developer
744000028073664,ACHETEUR INDUSTRIEL EXPERIMENTE MARQUES PROPRES - ZONE EUROPE,BOULANGER,https://c.smartrecruiters.com/sr-company-logo-prod-aws-dc5/66ffa528d6154d6eb99a5711/huge?r=s3-eu-central-1&_1729164078517,2024-11-22T14:21:05.946Z,Lesquin,Hauts-de-France,fr,true,"Lesquin, France",https://jobs.smartrecruiters.com/Boulanger/744000028073664-acheteur-industriel-experimente-marques-propres-zone-europe
744000028062237,Customer Knowledge Operations Manager F/M/X,AccorCorpo,https://c.smartrecruiters.com/sr-company-logo-prod-aws-dc5/63035370f2111b517a644548/huge?r=s3-eu-central-1&_1665478123047,2024-11-22T13:38:25.120Z,Issy-les-Moulineaux,IDF,fr,true,"Issy-les-Moulineaux, France",https://jobs.smartrecruiters.com/AccorCorpo/744000028062237-customer-knowledge-operations-manager-f-m-x
744000028055194,Mid Level AI Developer (28453),Bosch Group,https://c.smartrecruiters.com/sr-company-logo-prod-aws-dc5/58652035e4b04016904de9fe/huge?r=s3-eu-central-1&_1699017323104,2024-11-22T12:45:36.167Z,Curitiba,PR,br,true,"Curitiba, Brazil",https://jobs.smartrecruiters.com/BoschGroup/744000028055194-mid-level-ai-developer-28453-
744000028048935,"BigCommerce Developer/Lead/Architect (Remote, Latam)",McFadyen Digital,https://c.smartrecruiters.com/sr-company-logo-prod-aws-dc5/54a0bc92e4b09e381623fcd8/huge?r=s3-eu-central-1&_1642528983324,2024-11-22T12:10:12.718Z,Florianópolis,SC,br,true,"Florianópolis, Brazil",https://jobs.smartrecruiters.com/McFadyenDigital/744000028048935-bigcommerce-developer-lead-architect-remote-latam-
744000028048895,"BigCommerce Developer/Lead/Architect (Remote, Latam)",McFadyen Digital,https://c.smartrecruiters.com/sr-company-logo-prod-aws-dc5/54a0bc92e4b09e381623fcd8/huge?r=s3-eu-central-1&_1642528983324,2024-11-22T12:09:40.699Z,Buenos Aires,Buenos Aires,ar,true,"Buenos Aires, Argentina",https://jobs.smartrecruiters.com/McFadyenDigital/744000028048895-bigcommerce-developer-lead-architect-remote-latam-
744000028038935,Analista Programador Backend Microservicios,Inetum,https://c.smartrecruiters.com/sr-company-logo-prod-aws-dc5/666c01602b41f9059f4b8ca8/huge?r=s3-eu-central-1&_1719922395526,2024-11-22T11:12:10.632Z,Madrid,MD,es,true,"Madrid, Spain",https://jobs.smartrecruiters.com/Inetum2/744000028038935-analista-programador-backend-microservicios
744000028033137,Quant Developer (m/f/x) onsite or remote (in Germany),Scalable GmbH,https://c.smartrecruiters.com/sr-company-logo-prod-aws-dc5/606dc56fe6557d6d9977ee5a/huge?r=s3-eu-central-1&_1729092203742,2024-11-22T10:40:35.175Z,Berlin,BE,de,true,"Berlin, Germany",https://jobs.smartrecruiters.com/ScalableGmbH/744000028033137-quant-developer-m-f-x-onsite-or-remote-in-germany-
744000028030958,Quant Developer (m/f/x) onsite or remote (in Germany),Scalable GmbH,https://c.smartrecruiters.com/sr-company-logo-prod-aws-dc5/606dc56fe6557d6d9977ee5a/huge?r=s3-eu-central-1&_1729092203742,2024-11-22T10:40:08.230Z,München,BY,de,true,"München, Germany",https://jobs.smartrecruiters.com/ScalableGmbH/744000028030958-quant-developer-m-f-x-onsite-or-remote-in-germany-
744000028021661,Ingénieur Commercial SSI H/F,Sogetrel,https://c.smartrecruiters.com/sr-company-logo-prod-aws-dc5/5f283363b283d25580bd2d69/huge?r=s3-eu-central-1&_1608574137210,2024-11-22T09:48:33.197Z,Trélazé,Pays de la Loire,fr,true,"Trélazé, France",https://jobs.smartrecruiters.com/Sogetrel/744000028021661-ingenieur-commercial-ssi-h-f
744000027997505,Ingénieur d'affaires H/F - Ventes complexes,EVERIENCE,https://c.smartrecruiters.com/sr-company-logo-prod-aws-dc5/6555fccd610b81700f7345e6/huge?r=s3-eu-central-1&_1705683197502,2024-11-22T06:39:23.309Z,Nanterre,IDF,fr,true,"Nanterre, France",https://jobs.smartrecruiters.com/EVERIENCE/744000027997505-ingenieur-d-affaires-h-f-ventes-complexes
